/*
SQLyog Community v13.1.7 (64 bit)
MySQL - 8.0.23 : Database - schoolbus_beihang
*********************************************************************
*/

/*!40101 SET NAMES utf8 */;

/*!40101 SET SQL_MODE=''*/;

/*!40014 SET @OLD_UNIQUE_CHECKS=@@UNIQUE_CHECKS, UNIQUE_CHECKS=0 */;
/*!40101 SET @OLD_SQL_MODE=@@SQL_MODE, SQL_MODE='NO_AUTO_VALUE_ON_ZERO' */;
/*!40111 SET @OLD_SQL_NOTES=@@SQL_NOTES, SQL_NOTES=0 */;
CREATE DATABASE /*!32312 IF NOT EXISTS*/`schoolbus_beihang` /*!40100 DEFAULT CHARACTER SET utf8mb4 COLLATE utf8mb4_0900_ai_ci */ /*!80016 DEFAULT ENCRYPTION='N' */;

USE `schoolbus_beihang`;

/*Table structure for table `sbus_admin` */

DROP TABLE IF EXISTS `sbus_admin`;

CREATE TABLE `sbus_admin` (
  `admin_id` int NOT NULL AUTO_INCREMENT COMMENT '【管理员表】管理员id',
  `type` int NOT NULL DEFAULT '0' COMMENT '管理员类型：1超级管理员，2一般管理员',
  `username` varchar(20) NOT NULL DEFAULT '' COMMENT '用户名',
  `password` char(40) NOT NULL DEFAULT '' COMMENT '密码（sha1加密）',
  `name` varchar(20) NOT NULL DEFAULT '' COMMENT '名称',
  `role_list` text NOT NULL COMMENT '角色列表，记录一组角色码，每个之间以“,”分隔',
  PRIMARY KEY (`admin_id`),
  KEY `type` (`type`),
  KEY `username` (`username`)
) ENGINE=InnoDB AUTO_INCREMENT=36 DEFAULT CHARSET=utf8;

/*Data for the table `sbus_admin` */

insert  into `sbus_admin`(`admin_id`,`type`,`username`,`password`,`name`,`role_list`) values 
(1,1,'shbai','cb45c671cbc500627ea424eea5f91996221b5935','shbai',''),
(2,2,'aaa','cb45c671cbc500627ea424eea5f91996221b5935','aaa','schoolBus,school,system'),
(3,2,'bbb','','abc',''),
(4,2,'ccc','','ccc',''),
(5,2,'d','','d',''),
(6,2,'e','','e','system,school'),
(7,2,'q111','75fffbf6e8c35d58a8ffdf47dd3ed7548a5f8099','q11',',system,schoolBus,'),
(8,2,'22','12c6fc06c99a462375eeb3f43dfd832b08ca9e17','22',',system,'),
(9,2,'qazwsx','cb45c671cbc500627ea424eea5f91996221b5935','111',',system,school,schoolBus,ticket,'),
(10,2,'1','da4b9237bacccdf19c0760cab7aec4a8359010b0','3',',system,'),
(11,2,'2323','40bd001563085fc35165329ea1ff5c5ecbdbbeef','123',',system,'),
(12,2,'q','22ea1c649c82946aa6e479e1ffd321e4a318b1b0','q',',system,schoolBus,'),
(13,2,'q','22ea1c649c82946aa6e479e1ffd321e4a318b1b0','q',',system,schoolBus,'),
(14,2,'qq','22ea1c649c82946aa6e479e1ffd321e4a318b1b0','qq',',system,schoolBus,'),
(15,2,'qqqqqqqqqqq','a056c8d05ae9ac6ca180bc991b93b7ffe37563e0','q',',system,schoolBus,'),
(16,2,'q','22ea1c649c82946aa6e479e1ffd321e4a318b1b0','q',',system,schoolBus,'),
(17,2,'qq','22ea1c649c82946aa6e479e1ffd321e4a318b1b0','q',',system,schoolBus,'),
(18,2,'qqqqqq','22ea1c649c82946aa6e479e1ffd321e4a318b1b0','q',',system,schoolBus,'),
(19,2,'qazwsx111','8f82e918c7784f9f50fd3ba46d8e7a5907771220','q',',system,schoolBus,'),
(20,2,'q','8f82e918c7784f9f50fd3ba46d8e7a5907771220','q',',system,schoolBus,'),
(21,2,'ertyu','cb45c671cbc500627ea424eea5f91996221b5935','',',system,school,'),
(22,2,'1poi','','',''),
(23,2,'1poi222','','',''),
(30,2,'qqqq1212','cb45c671cbc500627ea424eea5f91996221b5935','1','system,schoolBus'),
(31,2,'qqq','fa6977c99b809db68e1c56888ec38bd004719b39','qq3','school,schoolBus,ticket'),
(32,2,'qwqwqw121','cb45c671cbc500627ea424eea5f91996221b5935','121',''),
(33,2,'12123','cb45c671cbc500627ea424eea5f91996221b5935','qazwsx11','system,school,schoolBus'),
(34,2,'qazwsx121213','cb45c671cbc500627ea424eea5f91996221b5935','qq','system,school,schoolBus,ticket'),
(35,2,'ssa','cb45c671cbc500627ea424eea5f91996221b5935','rsara','system');

/*Table structure for table `sbus_admin_log` */

DROP TABLE IF EXISTS `sbus_admin_log`;

CREATE TABLE `sbus_admin_log` (
  `log_id` bigint NOT NULL AUTO_INCREMENT COMMENT '【管理员日志表】日志id',
  `admin_id` int NOT NULL DEFAULT '0' COMMENT '管理员id',
  `log_info` varchar(100) NOT NULL DEFAULT '' COMMENT '日志信息',
  `log_time` int unsigned NOT NULL DEFAULT '0' COMMENT '记录时间（时间戳）',
  PRIMARY KEY (`log_id`),
  KEY `admin_id` (`admin_id`),
  KEY `log_time` (`log_time`)
) ENGINE=InnoDB AUTO_INCREMENT=3173 DEFAULT CHARSET=utf8;

/*Data for the table `sbus_admin_log` */

insert  into `sbus_admin_log`(`log_id`,`admin_id`,`log_info`,`log_time`) values 
(116,1,'删除2条系统管理员日志记录',1572316385),
(117,1,'删除1条系统管理员日志记录',1572316835),
(118,1,'管理员【shbai】登录',1572316893),
(119,1,'管理员【shbai】登录',1572320576),
(120,1,'添加管理员【qazwsx121213】',1572320591),
(121,1,'管理员【shbai】登录',1572321054),
(122,1,'管理员【shbai】登录',1572321586),
(123,1,'删除1条系统管理员日志记录',1572321652),
(124,1,'管理员【shbai】登录',1572322082),
(125,1,'删除0条系统管理员日志记录',1572322092),
(126,1,'删除0条系统管理员日志记录',1572322094),
(127,1,'删除0条系统管理员日志记录',1572322095),
(128,1,'删除0条系统管理员日志记录',1572322095),
(129,1,'删除0条系统管理员日志记录',1572322095),
(130,1,'删除0条系统管理员日志记录',1572322095),
(131,1,'删除0条系统管理员日志记录',1572322095),
(132,1,'删除0条系统管理员日志记录',1572322096),
(133,1,'删除0条系统管理员日志记录',1572322096),
(134,1,'删除0条系统管理员日志记录',1572322106),
(135,1,'删除0条系统管理员日志记录',1572322106),
(136,1,'删除0条系统管理员日志记录',1572322124),
(137,1,'删除0条系统管理员日志记录',1572322124),
(138,1,'删除0条系统管理员日志记录',1572322236),
(141,1,'删除2条系统管理员日志记录',1572330456),
(142,1,'管理员【shbai】登录',1572330565),
(143,1,'管理员【shbai】登录',1572330602),
(144,1,'管理员【shbai】登录',1572330747),
(145,1,'管理员【shbai】登录',1572331006),
(146,1,'管理员【shbai】登录',1572332132),
(147,1,'管理员【shbai】登录',1572332272),
(148,1,'管理员【shbai】登录',1572332460),
(149,1,'管理员【shbai】登录',1572332533),
(150,1,'管理员【shbai】登录',1572332597),
(151,1,'管理员【shbai】登录',1572332767),
(152,1,'管理员【shbai】登录',1572332963),
(153,1,'管理员【shbai】登录',1572333102),
(154,1,'管理员【shbai】登录',1572333161),
(155,1,'管理员【shbai】登录',1572333239),
(156,1,'管理员【shbai】登录',1572333279),
(157,1,'管理员【shbai】登录',1572333529),
(158,1,'管理员【shbai】登录',1572333918),
(159,1,'管理员【shbai】登录',1572333985),
(160,1,'管理员【shbai】登录',1572334119),
(161,1,'管理员【shbai】登录',1572334161),
(162,1,'管理员【shbai】登录',1572334204),
(163,1,'管理员【shbai】登录',1572337292),
(164,1,'删除线路【121】',1572337310),
(165,1,'管理员【shbai】登录',1572337506),
(166,1,'删除线路【2323】',1572337513),
(167,1,'管理员【shbai】登录',1572337992),
(168,1,'管理员【shbai】登录',1572338993),
(169,1,'管理员【shbai】登录',1572340987),
(170,1,'管理员【shbai】登录',1572341109),
(171,1,'管理员【shbai】登录',1572341437),
(172,1,'管理员【shbai】登录',1572341503),
(173,1,'管理员【shbai】登录',1572341757),
(174,1,'添加线路【12121124】',1572341801),
(175,1,'添加线路【wendezhu】',1572341810),
(176,1,'添加线路【zheshish】',1572341832),
(177,1,'添加线路【sdasdasdsa】',1572341837),
(178,1,'删除线路【zheshish】',1572341860),
(179,1,'删除线路【12121124】',1572341863),
(180,1,'删除线路【1223232】',1572341865),
(181,1,'管理员【shbai】登录',1572342068),
(182,1,'管理员【shbai】登录',1572343221),
(183,1,'管理员【shbai】登录',1572343592),
(184,1,'管理员【shbai】登录',1572343619),
(185,1,'管理员【shbai】登录',1572343675),
(186,1,'管理员【shbai】登录',1572343761),
(187,1,'管理员【shbai】登录',1572344279),
(188,1,'删除线路【2222】',1572344428),
(189,1,'删除线路【sdasdasdsa】',1572344449),
(190,1,'删除线路【3232】',1572344484),
(191,1,'管理员【shbai】登录',1572345526),
(192,1,'管理员【shbai】登录',1572401212),
(193,1,'管理员【shbai】登录',1572401891),
(194,1,'管理员【shbai】登录',1572405415),
(195,1,'管理员【shbai】登录',1572405936),
(196,1,'编辑线路【wendezhu】',1572406019),
(197,1,'编辑线路【1】',1572406156),
(198,1,'编辑线路【1232】',1572406162),
(199,1,'编辑线路【wendezhu22】',1572406234),
(200,1,'编辑线路【wendezhu22】',1572406236),
(201,1,'编辑线路【1232】',1572406392),
(202,1,'编辑管理员【12123】',1572406444),
(203,1,'管理员【shbai】登录',1572406523),
(204,1,'编辑管理员【qazwsx121213】',1572406533),
(205,1,'编辑管理员【qazwsx121213】',1572406549),
(206,1,'编辑线路【123211aa】',1572406579),
(207,1,'编辑线路【123211aa12】',1572406582),
(208,1,'编辑线路【wendezhu21】',1572406644),
(209,1,'管理员【shbai】登录',1572407838),
(210,1,'管理员【shbai】登录',1572408276),
(211,1,'管理员【shbai】登录',1572408622),
(212,1,'管理员【shbai】登录',1572408811),
(213,1,'管理员【shbai】登录',1572408856),
(214,1,'删除线路【wendezhu】',1572408863),
(215,1,'管理员【shbai】登录',1572417444),
(216,1,'管理员【shbai】登录',1572417603),
(217,1,'管理员【shbai】登录',1572417665),
(218,1,'管理员【shbai】登录',1572417773),
(219,1,'管理员【shbai】登录',1572417972),
(220,1,'管理员【shbai】登录',1572418052),
(221,1,'管理员【shbai】登录',1572418113),
(222,1,'添加线路【12121】',1572418124),
(223,1,'添加线路【2313213】',1572418132),
(224,1,'添加线路【sadas】',1572418137),
(225,1,'管理员【shbai】登录',1572418311),
(226,1,'管理员【shbai】登录',1572418375),
(227,1,'管理员【shbai】登录',1572418446),
(228,1,'管理员【shbai】登录',1572418496),
(229,1,'管理员【shbai】登录',1572418829),
(230,1,'管理员【shbai】登录',1572419773),
(231,1,'管理员【shbai】登录',1572419911),
(232,1,'管理员【shbai】登录',1572422062),
(233,1,'管理员【shbai】登录',1572423096),
(234,1,'管理员【shbai】登录',1572423692),
(235,1,'管理员【shbai】登录',1572424340),
(236,1,'管理员【shbai】登录',1572424441),
(237,1,'管理员【shbai】登录',1572424485),
(238,1,'管理员【shbai】登录',1572424703),
(239,1,'管理员【shbai】登录',1572425491),
(240,1,'管理员【shbai】登录',1572425553),
(241,1,'管理员【shbai】登录',1572425644),
(242,1,'管理员【shbai】登录',1572425679),
(243,1,'管理员【shbai】登录',1572425860),
(244,1,'管理员【shbai】登录',1572426224),
(245,1,'管理员【shbai】登录',1572428381),
(246,1,'管理员【shbai】登录',1572429048),
(247,1,'添加线路【45894894】',1572429337),
(248,1,'管理员【shbai】登录',1572429734),
(249,1,'管理员【shbai】登录',1572429832),
(250,31,'管理员【qqq】登录',1572429896),
(251,31,'管理员【qqq】登录',1572429923),
(252,1,'管理员【shbai】登录',1572430187),
(253,1,'管理员【shbai】登录',1572431140),
(254,1,'管理员【shbai】登录',1572431784),
(255,1,'管理员【shbai】登录',1572432156),
(256,1,'管理员【shbai】登录',1572432859),
(257,1,'编辑线路【45894894】',1572433084),
(258,1,'管理员【shbai】登录',1572433231),
(259,1,'编辑线路【45894894】',1572433239),
(260,1,'管理员【shbai】登录',1572485315),
(261,1,'管理员【shbai】登录',1572486878),
(262,1,'删除线路【sadas】',1572487270),
(263,1,'编辑线路【wewe】',1572487333),
(264,1,'管理员【shbai】登录',1572487449),
(265,1,'管理员【shbai】登录',1572487833),
(266,1,'编辑线路【wewe】',1572487842),
(267,1,'管理员【shbai】登录',1572487885),
(268,1,'编辑线路【wewe】',1572487895),
(269,1,'管理员【shbai】登录',1572487958),
(270,1,'管理员【shbai】登录',1572487991),
(271,1,'编辑线路【wewe】',1572487997),
(272,1,'管理员【shbai】登录',1572489329),
(273,1,'管理员【shbai】登录',1572490546),
(274,1,'管理员【shbai】登录',1572490724),
(275,1,'管理员【shbai】登录',1572490842),
(276,1,'管理员【shbai】登录',1572490913),
(277,1,'管理员【shbai】登录',1572491103),
(278,1,'管理员【shbai】登录',1572491384),
(279,1,'管理员【shbai】登录',1572492175),
(280,1,'管理员【shbai】登录',1572492264),
(281,1,'管理员【shbai】登录',1572492463),
(282,1,'管理员【shbai】登录',1572492667),
(283,1,'管理员【shbai】登录',1572494492),
(284,1,'管理员【shbai】登录',1572494587),
(285,1,'管理员【shbai】登录',1572494699),
(286,1,'管理员【shbai】登录',1572495515),
(287,1,'管理员【shbai】登录',1572495618),
(288,1,'管理员【shbai】登录',1572495653),
(289,1,'管理员【shbai】登录',1572495796),
(290,1,'管理员【shbai】登录',1572496358),
(291,1,'管理员【shbai】登录',1572496711),
(292,1,'管理员【shbai】登录',1572502450),
(293,1,'管理员【shbai】登录',1572502493),
(294,1,'管理员【shbai】登录',1572502589),
(295,1,'管理员【shbai】登录',1572509257),
(296,1,'管理员【shbai】登录',1572509327),
(297,1,'管理员【shbai】登录',1572509537),
(298,1,'管理员【shbai】登录',1572510353),
(299,1,'管理员【shbai】登录',1572510624),
(300,1,'管理员【shbai】登录',1572510811),
(301,1,'管理员【shbai】登录',1572510959),
(302,1,'管理员【shbai】登录',1572511001),
(303,1,'管理员【shbai】登录',1572511482),
(304,1,'管理员【shbai】登录',1572511543),
(305,1,'添加车站【232311】',1572511557),
(306,1,'管理员【shbai】登录',1572511699),
(307,1,'添加车站【weqeq2】',1572511715),
(308,1,'管理员【shbai】登录',1572512172),
(309,1,'管理员【shbai】登录',1572512523),
(310,1,'管理员【shbai】登录',1572513547),
(311,1,'管理员【shbai】登录',1572513661),
(312,1,'管理员【shbai】登录',1572513745),
(313,1,'管理员【shbai】登录',1572513783),
(314,1,'管理员【shbai】登录',1572514801),
(315,1,'管理员【shbai】登录',1572514897),
(316,1,'管理员【shbai】登录',1572514923),
(317,1,'管理员【shbai】登录',1572515109),
(318,1,'管理员【shbai】登录',1572515525),
(319,1,'添加车站【sdasd】',1572515536),
(320,1,'添加车站【1212】',1572515563),
(321,1,'添加车站【213213】',1572515585),
(322,1,'添加车站【213213aa】',1572515590),
(323,1,'管理员【shbai】登录',1572515888),
(324,1,'管理员【shbai】登录',1572515987),
(325,1,'管理员【shbai】登录',1572516110),
(326,1,'添加车站【asdsa 】',1572516117),
(327,1,'管理员【shbai】登录',1572516146),
(328,1,'添加车站【1212】',1572516185),
(329,1,'管理员【shbai】登录',1572516604),
(330,1,'添加车站【sds】',1572516673),
(331,1,'管理员【shbai】登录',1572517434),
(332,1,'管理员【shbai】登录',1572518024),
(333,1,'添加车站【aaa】',1572518033),
(334,1,'管理员【shbai】登录',1572518109),
(335,1,'添加车站【sad】',1572518132),
(336,1,'添加车站【2313】',1572518210),
(337,1,'管理员【shbai】登录',1572518786),
(338,1,'管理员【shbai】登录',1572570510),
(339,1,'添加车站【a121】',1572570568),
(340,1,'添加线路【1212】',1572570868),
(341,1,'添加车站【2121】',1572570873),
(342,1,'添加车站【21213】',1572570887),
(343,1,'管理员【shbai】登录',1572574557),
(344,1,'管理员【shbai】登录',1572574652),
(345,1,'添加车站【121】',1572574675),
(346,1,'添加车站【21321】',1572574679),
(347,1,'添加车站【34234】',1572574730),
(348,1,'管理员【shbai】登录',1572575187),
(349,1,'删除线路【12121】',1572575623),
(350,1,'删除线路【asas】',1572575629),
(351,1,'添加车站【213213】',1572575643),
(352,1,'管理员【shbai】登录',1572575923),
(353,1,'管理员【shbai】登录',1572575993),
(354,1,'添加车站【aewa】',1572576001),
(355,1,'添加车站【waewaeaw】',1572576004),
(356,1,'添加车站【ewaeaw】',1572576017),
(357,1,'添加车站【weaawe】',1572576020),
(358,1,'添加线路【waewa】',1572576025),
(359,1,'添加车站【waeaw】',1572576030),
(360,1,'添加车站【waeawa】',1572576035),
(361,1,'添加车站【sdasdasdsa】',1572576040),
(362,1,'添加车站【dasdsadsad】',1572576044),
(363,1,'添加车站【sdasdas】',1572576056),
(364,1,'管理员【shbai】登录',1572576934),
(365,1,'管理员【shbai】登录',1572577946),
(366,1,'管理员【shbai】登录',1572578690),
(367,1,'管理员【shbai】登录',1572578730),
(368,1,'管理员【shbai】登录',1572579524),
(369,1,'管理员【shbai】登录',1572580916),
(370,1,'管理员【shbai】登录',1572584815),
(371,1,'添加车站【wewea】',1572584836),
(372,1,'添加车站【12121】',1572584863),
(373,1,'添加车站【1212】',1572584874),
(374,1,'添加车站【1212】',1572584905),
(375,1,'管理员【shbai】登录',1572585005),
(376,1,'添加车站【1211】',1572585032),
(377,1,'删除车站【213213】',1572585063),
(378,1,'添加车站【1212】',1572585091),
(379,1,'添加车站【1212】',1572585107),
(380,1,'添加车站【12121】',1572585119),
(381,1,'添加车站【1212】',1572585126),
(382,1,'添加车站【12121】',1572585130),
(383,1,'添加车站【1212】',1572585172),
(384,1,'管理员【shbai】登录',1572585310),
(385,1,'添加车站【1212】',1572585326),
(386,1,'添加车站【13214315】',1572585335),
(387,1,'删除车站【13214315】',1572585339),
(388,1,'删除车站【1212】',1572585342),
(389,1,'删除车站【1211】',1572585344),
(390,1,'删除车站【12121】',1572585346),
(391,1,'删除车站【1212】',1572585348),
(392,1,'添加线路【21213214】',1572585369),
(393,1,'添加车站【1212】',1572585375),
(394,1,'添加车站【1212】',1572585387),
(395,1,'添加车站【213213】',1572585474),
(396,1,'删除车站【1212】',1572585486),
(397,1,'删除车站【sad】',1572585490),
(398,1,'添加车站【12121】',1572585498),
(399,1,'添加车站【12121】',1572585501),
(400,1,'删除车站【12121】',1572585504),
(401,1,'管理员【shbai】登录',1572590657),
(402,1,'添加车站【141】',1572590668),
(403,1,'添加车站【21321】',1572590683),
(404,1,'删除车站【141】',1572590686),
(405,1,'管理员【shbai】登录',1572590710),
(406,1,'添加车站【2121】',1572590724),
(407,1,'添加车站【121】',1572590729),
(408,1,'删除车站【121】',1572590731),
(409,1,'管理员【shbai】登录',1572590812),
(410,1,'添加车站【121】',1572590820),
(411,1,'删除车站【121】',1572590822),
(412,1,'删除车站【wewea】',1572590824),
(413,1,'删除车站【waeaw】',1572590826),
(414,1,'管理员【shbai】登录',1572591183),
(415,1,'管理员【shbai】登录',1572591391),
(416,1,'添加车站【ada】',1572591403),
(417,1,'添加车站【ada】',1572591412),
(418,1,'添加车站【ada】',1572591426),
(419,1,'管理员【shbai】登录',1572592794),
(420,1,'管理员【shbai】登录',1572593272),
(421,1,'添加车站【sadsa】',1572593353),
(422,1,'管理员【shbai】登录',1572593470),
(423,1,'管理员【shbai】登录',1572594103),
(424,1,'管理员【shbai】登录',1572599261),
(425,1,'添加车站【232】',1572599272),
(426,1,'添加车站【211】',1572599275),
(427,1,'管理员【shbai】登录',1572599341),
(428,1,'删除车站【211】',1572599346),
(429,1,'添加车站【qwq】',1572599364),
(430,1,'添加车站【121】',1572599369),
(431,1,'删除车站【121】',1572599373),
(432,1,'添加车站【21】',1572599428),
(433,1,'管理员【shbai】登录',1572599518),
(434,1,'添加车站【121】',1572599525),
(435,1,'管理员【shbai】登录',1572599580),
(436,1,'添加车站【weq】',1572599591),
(437,1,'添加车站【3】',1572599595),
(438,1,'删除车站【121】',1572599598),
(439,1,'管理员【shbai】登录',1572599654),
(440,1,'添加车站【121】',1572599661),
(441,1,'删除车站【weq】',1572599664),
(442,1,'删除车站【121】',1572599716),
(443,1,'添加车站【121】',1572599725),
(444,1,'添加车站【121212】',1572599733),
(445,1,'添加车站【12121111】',1572599747),
(446,1,'删除车站【121212】',1572599752),
(447,1,'删除车站【12121111】',1572599759),
(448,1,'管理员【shbai】登录',1572600169),
(449,1,'添加车站【1211】',1572600177),
(450,1,'删除车站【1211】',1572600185),
(451,1,'管理员【shbai】登录',1572600460),
(452,1,'添加车站【adsa】',1572600466),
(453,1,'删除车站【adsa】',1572600474),
(454,1,'编辑线路【waewa】',1572600766),
(455,1,'编辑线路【puupu】',1572600776),
(456,1,'添加车站【121】',1572600784),
(457,1,'添加车站【121213】',1572600788),
(458,1,'编辑线路【puupu】',1572600831),
(459,1,'管理员【shbai】登录',1572603681),
(460,1,'删除车站【121】',1572603695),
(461,1,'添加车站【2121】',1572603708),
(462,1,'添加车站【32342】',1572603712),
(463,1,'添加车站【131321】',1572603715),
(464,1,'删除车站【2121】',1572603717),
(465,1,'删除车站【32342】',1572603763),
(466,1,'添加车站【2323】',1572603777),
(467,1,'管理员【shbai】登录',1572604400),
(468,1,'管理员【shbai】登录',1572916545),
(469,1,'管理员【shbai】登录',1572917772),
(470,1,'添加线路【121】',1572917832),
(471,1,'添加车站【231312】',1572917925),
(472,1,'管理员【shbai】登录',1572919016),
(473,1,'管理员【shbai】登录',1572926312),
(474,1,'管理员【shbai】登录',1572939422),
(475,1,'添加车站【1212】',1572939465),
(476,1,'添加车站【1313】',1572939474),
(477,1,'管理员【shbai】登录',1572939600),
(478,1,'管理员【shbai】登录',1572939716),
(479,1,'管理员【shbai】登录',1572939889),
(480,1,'管理员【shbai】登录',1572940204),
(481,1,'管理员【shbai】登录',1572940278),
(482,1,'管理员【shbai】登录',1572940369),
(483,1,'添加车站【1】',1572940414),
(484,1,'添加车站【2】',1572940418),
(485,1,'添加车站【121】',1572940535),
(486,1,'添加车站【1111】',1572940563),
(487,1,'添加车站【313】',1572940586),
(488,1,'添加线路【2】',1572940679),
(489,1,'添加车站【232】',1572940686),
(490,1,'添加车站【121】',1572940881),
(491,1,'添加车站【323】',1572940885),
(492,1,'添加车站【444】',1572940918),
(493,1,'管理员【shbai】登录',1572941381),
(494,1,'管理员【shbai】登录',1572941525),
(495,1,'管理员【shbai】登录',1572941833),
(496,1,'管理员【shbai】登录',1572942493),
(497,1,'管理员【shbai】登录',1572942653),
(498,1,'管理员【shbai】登录',1572942789),
(499,1,'管理员【shbai】登录',1572942975),
(500,1,'管理员【shbai】登录',1572943120),
(501,1,'管理员【shbai】登录',1572943202),
(502,1,'添加车站【222】',1572943211),
(503,1,'添加车站【333】',1572943215),
(504,1,'管理员【shbai】登录',1572943246),
(505,1,'管理员【shbai】登录',1572943347),
(506,1,'管理员【shbai】登录',1572943400),
(507,1,'管理员【shbai】登录',1572943456),
(508,1,'管理员【shbai】登录',1572943691),
(509,1,'管理员【shbai】登录',1572943836),
(510,1,'删除车站【waewaeaw】',1572943848),
(511,1,'删除车站【ewaeaw】',1572943850),
(512,1,'添加车站【3213】',1572943855),
(513,1,'管理员【shbai】登录',1572944030),
(514,1,'管理员【shbai】登录',1572944516),
(515,1,'管理员【shbai】登录',1572944696),
(516,1,'管理员【shbai】登录',1572944741),
(517,1,'管理员【shbai】登录',1572944947),
(518,1,'管理员【shbai】登录',1572945053),
(519,1,'删除车站【3213】',1572945064),
(520,1,'删除车站【weaawe】',1572945067),
(521,1,'管理员【shbai】登录',1572945730),
(522,1,'删除车站【1212】',1572945749),
(523,1,'删除车站【12121】',1572945754),
(524,1,'管理员【shbai】登录',1572945800),
(525,1,'删除车站【12121】',1572945812),
(526,1,'删除车站【1212】',1572945813),
(527,1,'添加车站【2323】',1572945816),
(528,1,'管理员【shbai】登录',1572945972),
(529,1,'管理员【shbai】登录',1572946139),
(530,1,'删除车站【1212】',1572946163),
(531,1,'删除车站【11112323】',1572946176),
(532,1,'删除车站【吾问无为谓】',1572946178),
(533,1,'管理员【shbai】登录',1572946211),
(534,1,'管理员【shbai】登录',1572946297),
(535,1,'删除车站【weqeq】',1572946303),
(536,1,'删除车站【2323112】',1572946305),
(537,1,'添加车站【1212】',1572946308),
(538,1,'添加车站【12121】',1572946314),
(539,1,'管理员【shbai】登录',1572946426),
(540,1,'管理员【shbai】登录',1572946811),
(541,1,'添加车站【1212】',1572946826),
(542,1,'删除车站【122】',1572946938),
(543,1,'删除车站【2313】',1572946951),
(544,1,'删除车站【222】',1572946953),
(545,1,'添加车站【1313】',1572946957),
(546,1,'删除车站【1212】',1572946978),
(547,1,'删除车站【1212】',1572946981),
(548,1,'管理员【shbai】登录',1572947079),
(549,1,'添加车站【1】',1572947126),
(550,1,'添加车站【2】',1572947129),
(551,1,'添加车站【3】',1572947132),
(552,1,'添加车站【212】',1572947221),
(553,1,'添加车站【2】',1572947224),
(554,1,'添加车站【3】',1572947228),
(555,1,'管理员【shbai】登录',1572947687),
(556,1,'添加车站【1】',1572947693),
(557,1,'添加车站【2】',1572947696),
(558,1,'添加车站【1】',1572947733),
(559,1,'添加车站【2】',1572947736),
(560,1,'添加车站【3】',1572947739),
(561,1,'管理员【shbai】登录',1572948078),
(562,1,'添加车站【1】',1572948084),
(563,1,'添加车站【2】',1572948087),
(564,1,'添加车站【3】',1572948090),
(565,1,'删除车站【2】',1572948180),
(566,1,'删除车站【212】',1572948188),
(567,1,'删除车站【2】',1572948190),
(568,1,'添加车站【2】',1572948193),
(569,1,'添加车站【3】',1572948197),
(570,1,'管理员【shbai】登录',1572948480),
(571,1,'添加车站【1】',1572948486),
(572,1,'添加车站【2】',1572948488),
(573,1,'添加车站【3】',1572948492),
(574,1,'管理员【shbai】登录',1572948665),
(575,1,'管理员【shbai】登录',1573003842),
(576,1,'管理员【shbai】登录',1573013538),
(577,1,'管理员【shbai】登录',1573093868),
(578,1,'管理员【shbai】登录',1573097261),
(579,1,'删除车站【3】',1573097268),
(580,1,'删除车站【2】',1573097270),
(581,1,'添加车站【1】',1573097280),
(582,1,'添加车站【2】',1573097282),
(583,1,'添加车站【3】',1573097286),
(584,1,'添加车站【1】',1573097316),
(585,1,'添加车站【1】',1573097319),
(586,1,'管理员【shbai】登录',1573097537),
(587,1,'删除车站【3】',1573097589),
(588,1,'删除车站【1】',1573097590),
(589,1,'添加车站【2】',1573097594),
(590,1,'添加车站【3】',1573097598),
(591,1,'删除车站【2】',1573097627),
(592,1,'添加车站【1】',1573097632),
(593,1,'管理员【shbai】登录',1573099616),
(594,1,'删除车站【2】',1573099625),
(595,1,'删除车站【3】',1573099626),
(596,1,'删除车站【1】',1573099628),
(597,1,'管理员【shbai】登录',1573099674),
(598,1,'添加车站【1】',1573099681),
(599,1,'添加车站【2】',1573099708),
(600,1,'管理员【shbai】登录',1573101307),
(601,1,'删除车站【1】',1573101313),
(602,1,'删除车站【2】',1573101314),
(603,1,'删除车站【3】',1573101319),
(604,1,'添加线路【test】',1573101328),
(605,1,'添加车站【1】',1573101333),
(606,1,'添加车站【2】',1573101342),
(607,1,'管理员【shbai】登录',1573101870),
(608,1,'管理员【shbai】登录',1573102019),
(609,1,'删除车站【2】',1573102024),
(610,1,'添加车站【1】',1573102067),
(611,1,'添加车站【2】',1573102070),
(612,1,'添加车站【3】',1573102073),
(613,1,'管理员【shbai】登录',1573102111),
(614,1,'删除车站【1】',1573102118),
(615,1,'删除车站【2】',1573102120),
(616,1,'添加车站【1】',1573102127),
(617,1,'添加车站【2】',1573102130),
(618,1,'添加车站【3】',1573102133),
(619,1,'管理员【shbai】登录',1573102452),
(620,1,'删除车站【2】',1573102460),
(621,1,'删除车站【1】',1573102462),
(622,1,'添加车站【1】',1573102469),
(623,1,'添加车站【2】',1573102472),
(624,1,'管理员【shbai】登录',1573102627),
(625,1,'删除车站【1】',1573102631),
(626,1,'添加车站【1】',1573102638),
(627,1,'添加车站【2】',1573102640),
(628,1,'管理员【shbai】登录',1573102985),
(629,1,'删除车站【1】',1573102989),
(630,1,'添加车站【1】',1573102994),
(631,1,'添加车站【2】',1573102997),
(632,1,'管理员【shbai】登录',1573103102),
(633,1,'删除车站【1】',1573103107),
(634,1,'添加车站【1】',1573103111),
(635,1,'添加车站【2】',1573103114),
(636,1,'删除车站【1】',1573103353),
(637,1,'添加车站【1】',1573103362),
(638,1,'添加车站【1】',1573103370),
(639,1,'添加车站【3】',1573103377),
(640,1,'添加车站【4】',1573103380),
(641,1,'删除车站【1】',1573103382),
(642,1,'管理员【shbai】登录',1573103494),
(643,1,'删除车站【1】',1573103499),
(644,1,'删除车站【3】',1573103501),
(645,1,'添加车站【1】',1573103505),
(646,1,'添加车站【2】',1573103507),
(647,1,'删除车站【1】',1573103597),
(648,1,'添加车站【1】',1573103602),
(649,1,'添加车站【2】',1573103604),
(650,1,'管理员【shbai】登录',1573103839),
(651,1,'删除车站【1】',1573103846),
(652,1,'添加车站【1】',1573103853),
(653,1,'添加车站【2】',1573103856),
(654,1,'删除车站【1】',1573103895),
(655,1,'添加车站【1】',1573103905),
(656,1,'添加车站【2】',1573103908),
(657,1,'添加车站【3】',1573103910),
(658,1,'管理员【shbai】登录',1573104051),
(659,1,'管理员【shbai】登录',1573104100),
(660,1,'删除车站【2】',1573104109),
(661,1,'管理员【shbai】登录',1573104238),
(662,1,'管理员【shbai】登录',1573109619),
(663,1,'删除车站【1】',1573109674),
(664,1,'删除车站【3】',1573109676),
(665,1,'添加车站【1】',1573109678),
(666,1,'添加车站【2】',1573109685),
(667,1,'管理员【shbai】登录',1573109763),
(668,1,'管理员【shbai】登录',1573109925),
(669,1,'管理员【shbai】登录',1573110276),
(670,1,'管理员【shbai】登录',1573110434),
(671,1,'管理员【shbai】登录',1573110590),
(672,1,'管理员【shbai】登录',1573110683),
(673,1,'删除车站【1】',1573110691),
(674,1,'添加车站【1】',1573110695),
(675,1,'添加车站【2】',1573110698),
(676,1,'删除车站【1】',1573110785),
(677,1,'删除车站【2】',1573110787),
(678,1,'添加车站【1】',1573110790),
(679,1,'管理员【shbai】登录',1573110876),
(680,1,'删除车站【1】',1573110881),
(681,1,'添加车站【1】',1573110885),
(682,1,'管理员【shbai】登录',1573111209),
(683,1,'删除车站【1】',1573111217),
(684,1,'添加车站【1】',1573111219),
(685,1,'管理员【shbai】登录',1573111294),
(686,1,'删除车站【1】',1573111298),
(687,1,'添加车站【1】',1573111300),
(688,1,'添加车站【2】',1573111309),
(689,1,'添加车站【3】',1573111365),
(690,1,'管理员【shbai】登录',1573111579),
(691,1,'删除车站【3】',1573111584),
(692,1,'删除车站【1】',1573111586),
(693,1,'删除车站【2】',1573111587),
(694,1,'添加车站【1】',1573111590),
(695,1,'添加车站【2】',1573111595),
(696,1,'添加车站【3】',1573111601),
(697,1,'管理员【shbai】登录',1573111966),
(698,1,'删除车站【2】',1573111971),
(699,1,'删除车站【3】',1573111974),
(700,1,'添加车站【2】',1573111977),
(701,1,'管理员【shbai】登录',1573112066),
(702,1,'删除车站【1】',1573112130),
(703,1,'删除车站【2】',1573112131),
(704,1,'添加车站【1】',1573112137),
(705,1,'添加车站【2】',1573112139),
(706,1,'管理员【shbai】登录',1573112548),
(707,1,'管理员【shbai】登录',1573112583),
(708,1,'管理员【shbai】登录',1573112743),
(709,1,'管理员【shbai】登录',1573112867),
(710,1,'管理员【shbai】登录',1573112957),
(711,1,'管理员【shbai】登录',1573113019),
(712,1,'删除车站【1】',1573113027),
(713,1,'删除车站【2】',1573113028),
(714,1,'添加车站【1】',1573113031),
(715,1,'添加车站【2】',1573113033),
(716,1,'管理员【shbai】登录',1573113688),
(717,1,'删除车站【2】',1573113701),
(718,1,'删除车站【1】',1573113702),
(719,1,'添加车站【1】',1573113705),
(720,1,'添加车站【2】',1573113708),
(721,1,'管理员【shbai】登录',1573113769),
(722,1,'删除车站【2】',1573113774),
(723,1,'添加车站【2】',1573113777),
(724,1,'管理员【shbai】登录',1573115464),
(725,1,'添加车站【3】',1573115479),
(726,1,'管理员【shbai】登录',1573115828),
(727,1,'管理员【shbai】登录',1573116438),
(728,1,'管理员【shbai】登录',1573116727),
(729,1,'添加车站【1】',1573116737),
(730,1,'添加车站【2】',1573116740),
(731,1,'添加车站【3】',1573116743),
(732,1,'管理员【shbai】登录',1573119268),
(733,1,'删除车站【2】',1573119275),
(734,1,'删除车站【3】',1573119276),
(735,1,'添加车站【1】',1573119282),
(736,1,'添加车站【2】',1573119284),
(737,1,'添加车站【1】',1573119288),
(738,1,'删除车站【1】',1573119811),
(739,1,'添加车站【212】',1573119818),
(740,1,'删除车站【212】',1573119839),
(741,1,'添加车站【1】',1573119852),
(742,1,'添加车站【1】',1573119864),
(743,1,'删除车站【1】',1573119867),
(744,1,'删除车站【2】',1573119868),
(745,1,'删除车站【2】',1573119939),
(746,1,'添加车站【1】',1573119943),
(747,1,'删除车站【1】',1573119945),
(748,1,'添加车站【1】',1573119949),
(749,1,'删除车站【1】',1573119981),
(750,1,'删除车站【1】',1573119982),
(751,1,'添加车站【1】',1573119985),
(752,1,'添加车站【1】',1573119989),
(753,1,'添加车站【1】',1573119992),
(754,1,'管理员【shbai】登录',1573120557),
(755,1,'管理员【shbai】登录',1573121056),
(756,1,'管理员【shbai】登录',1573121196),
(757,1,'管理员【shbai】登录',1573121255),
(758,1,'删除车站【32】',1573121260),
(759,1,'删除车站【22】',1573121262),
(760,1,'删除车站【12】',1573121264),
(761,1,'添加车站【1】',1573121266),
(762,1,'添加车站【2】',1573121269),
(763,1,'添加车站【3】',1573121272),
(764,1,'管理员【shbai】登录',1573121483),
(765,1,'管理员【shbai】登录',1573121766),
(766,1,'管理员【shbai】登录',1573122042),
(767,1,'添加车站【1】',1573122389),
(768,1,'管理员【shbai】登录',1573122530),
(769,1,'管理员【shbai】登录',1573122867),
(770,1,'删除车站【1】',1573122918),
(771,1,'添加车站【2】',1573122924),
(772,1,'删除车站【2】',1573122961),
(773,1,'删除车站【1】',1573122962),
(774,1,'删除车站【1】',1573122964),
(775,1,'添加车站【1】',1573122971),
(776,1,'添加车站【1】',1573122977),
(777,1,'添加车站【2】',1573122981),
(778,1,'管理员【shbai】登录',1573196972),
(779,1,'管理员【shbai】登录',1573197433),
(780,1,'管理员【shbai】登录',1573197577),
(781,1,'管理员【shbai】登录',1573197667),
(782,1,'管理员【shbai】登录',1573197735),
(783,1,'删除车站【1】',1573197768),
(784,1,'删除车站【1】',1573197772),
(785,1,'管理员【shbai】登录',1573197784),
(786,1,'管理员【shbai】登录',1573200835),
(787,1,'添加车站【1】',1573200854),
(788,1,'管理员【shbai】登录',1573201172),
(789,1,'删除车站【1】',1573201250),
(790,1,'添加车站【1】',1573201263),
(791,1,'删除车站【1】',1573201268),
(792,1,'添加车站【1】',1573201276),
(793,1,'管理员【shbai】登录',1573201428),
(794,1,'删除车站【1】',1573201433),
(795,1,'添加车站【1】',1573201444),
(796,1,'管理员【shbai】登录',1573209829),
(797,1,'管理员【shbai】登录',1573210193),
(798,1,'删除车站【1】',1573210199),
(799,1,'删除车站【1】',1573210201),
(800,1,'删除车站【3】',1573210202),
(801,1,'添加车站【1】',1573210207),
(802,1,'添加车站【2】',1573210210),
(803,1,'添加车站【3】',1573210213),
(804,1,'添加车站【1】',1573210218),
(805,1,'管理员【shbai】登录',1573210433),
(806,1,'管理员【shbai】登录',1573210690),
(807,1,'删除车站【1】',1573210695),
(808,1,'删除车站【1】',1573210697),
(809,1,'添加车站【1】',1573210700),
(810,1,'添加车站【1】',1573210705),
(811,1,'管理员【shbai】登录',1573210729),
(812,1,'管理员【shbai】登录',1573210815),
(813,1,'管理员【shbai】登录',1573210881),
(814,1,'管理员【shbai】登录',1573210985),
(815,1,'管理员【shbai】登录',1573211241),
(816,1,'管理员【shbai】登录',1573211278),
(817,1,'管理员【shbai】登录',1573211526),
(818,1,'添加车站【5】',1573211532),
(819,1,'删除车站【1】',1573211636),
(820,1,'删除车站【2】',1573211637),
(821,1,'删除车站【4】',1573211639),
(822,1,'删除车站【4】',1573211640),
(823,1,'删除车站【5】',1573211642),
(824,1,'删除车站【1】',1573211647),
(825,1,'删除车站【2】',1573211649),
(826,1,'管理员【shbai】登录',1573211773),
(827,1,'删除车站【1】',1573211778),
(828,1,'添加车站【1】',1573211781),
(829,1,'添加车站【2】',1573211784),
(830,1,'添加车站【3】',1573211788),
(831,1,'添加车站【1】',1573211792),
(832,1,'删除车站【1】',1573211950),
(833,1,'删除车站【3】',1573211953),
(834,1,'删除车站【2】',1573211954),
(835,1,'删除车站【2】',1573211956),
(836,1,'添加车站【1】',1573211958),
(837,1,'添加车站【1】',1573211971),
(838,1,'添加车站【3】',1573211991),
(839,1,'添加车站【2】',1573212002),
(840,1,'管理员【shbai】登录',1573435152),
(841,1,'删除车站【3】',1573435480),
(842,1,'删除车站【1】',1573435482),
(843,1,'删除车站【1】',1573435484),
(844,1,'删除车站【2】',1573435485),
(845,1,'添加车站【1】',1573435491),
(846,1,'添加车站【2】',1573435494),
(847,1,'添加车站【3】',1573435497),
(848,1,'添加车站【1】',1573435500),
(849,1,'添加车站【2】',1573435504),
(850,1,'管理员【shbai】登录',1573435720),
(851,1,'管理员【shbai】登录',1573435870),
(852,1,'管理员【shbai】登录',1573436091),
(853,1,'管理员【shbai】登录',1573437488),
(854,1,'管理员【shbai】登录',1573437591),
(855,1,'管理员【shbai】登录',1573438303),
(856,1,'管理员【shbai】登录',1573438742),
(857,1,'删除车站【22】',1573438758),
(858,1,'编辑线路【test】',1573438769),
(859,1,'添加车站【1】',1573438782),
(860,1,'添加车站【2】',1573438800),
(861,1,'管理员【shbai】登录',1573440197),
(862,1,'添加车站【3】',1573440234),
(863,1,'管理员【shbai】登录',1573441484),
(864,1,'管理员【shbai】登录',1573442888),
(865,1,'管理员【shbai】登录',1573443778),
(866,1,'管理员【shbai】登录',1573444155),
(867,1,'管理员【shbai】登录',1573444737),
(868,1,'管理员【shbai】登录',1573445146),
(869,1,'添加车站【5】',1573445190),
(870,1,'添加车站【55】',1573445200),
(871,1,'管理员【shbai】登录',1573445416),
(872,1,'删除车站【55】',1573445434),
(873,1,'删除车站【5】',1573445445),
(874,1,'添加车站【5】',1573445527),
(875,1,'添加车站【55】',1573445547),
(876,1,'管理员【shbai】登录',1573446185),
(877,1,'添加车站【5】',1573446236),
(878,1,'添加车站【55】',1573446256),
(879,1,'管理员【shbai】登录',1573446542),
(880,1,'管理员【shbai】登录',1573446732),
(881,1,'添加车站【66】',1573446774),
(882,1,'添加车站【77】',1573446857),
(883,1,'添加车站【9】',1573446913),
(884,1,'添加车站【2】',1573446955),
(885,1,'管理员【shbai】登录',1573523675),
(886,1,'管理员【shbai】登录',1573523701),
(887,1,'管理员【shbai】登录',1573523841),
(888,1,'管理员【shbai】登录',1573524086),
(889,1,'管理员【shbai】登录',1573524193),
(890,1,'管理员【shbai】登录',1573524341),
(891,1,'管理员【shbai】登录',1573524940),
(892,1,'管理员【shbai】登录',1573524976),
(893,1,'管理员【shbai】登录',1573526925),
(894,1,'管理员【shbai】登录',1573528641),
(895,1,'管理员【shbai】登录',1573528667),
(896,1,'管理员【shbai】登录',1573532543),
(897,1,'管理员【shbai】登录',1573532601),
(898,1,'管理员【shbai】登录',1573532661),
(899,1,'管理员【shbai】登录',1573533416),
(900,1,'管理员【shbai】登录',1573533621),
(901,1,'管理员【shbai】登录',1573533695),
(902,1,'管理员【shbai】登录',1573538387),
(903,1,'管理员【shbai】登录',1573538440),
(904,1,'管理员【shbai】登录',1573538572),
(905,1,'管理员【shbai】登录',1573538669),
(906,1,'管理员【shbai】登录',1573538702),
(907,1,'管理员【shbai】登录',1573538812),
(908,1,'管理员【shbai】登录',1573538868),
(909,1,'管理员【shbai】登录',1573538909),
(910,1,'管理员【shbai】登录',1573539221),
(911,1,'添加车辆【3】',1573539231),
(912,1,'管理员【shbai】登录',1573540267),
(913,1,'添加车辆【22】',1573540291),
(914,1,'管理员【shbai】登录',1573540691),
(915,1,'管理员【shbai】登录',1573541352),
(916,1,'管理员【shbai】登录',1573541407),
(917,1,'管理员【shbai】登录',1573541470),
(918,1,'删除车辆编号为【10086】',1573541474),
(919,1,'添加车辆【1】',1573541482),
(920,1,'添加车辆【55】',1573541507),
(921,1,'管理员【shbai】登录',1573542809),
(922,1,'管理员【shbai】登录',1573542906),
(923,1,'管理员【shbai】登录',1573543057),
(924,1,'管理员【shbai】登录',1573543124),
(925,1,'管理员【shbai】登录',1573543371),
(926,1,'管理员【shbai】登录',1573543557),
(927,1,'管理员【shbai】登录',1573543993),
(928,1,'管理员【shbai】登录',1573544183),
(929,1,'管理员【shbai】登录',1573544431),
(930,1,'管理员【shbai】登录',1573546137),
(931,1,'管理员【shbai】登录',1573546409),
(932,1,'管理员【shbai】登录',1573546529),
(933,1,'管理员【shbai】登录',1573546652),
(934,1,'管理员【shbai】登录',1573546701),
(935,1,'管理员【shbai】登录',1573546813),
(936,1,'管理员【shbai】登录',1573546896),
(937,1,'管理员【shbai】登录',1573547221),
(938,1,'删除车辆编号为【1】',1573547246),
(939,1,'删除车辆编号为【3】',1573547250),
(940,1,'管理员【shbai】登录',1573547666),
(941,1,'管理员【shbai】登录',1573547731),
(942,1,'管理员【shbai】登录',1573547981),
(943,1,'删除车辆编号为【22】',1573548034),
(944,1,'管理员【shbai】登录',1573548167),
(945,1,'添加车辆【1】',1573548174),
(946,1,'管理员【shbai】登录',1573548277),
(947,1,'管理员【shbai】登录',1573548353),
(948,1,'管理员【shbai】登录',1573548793),
(949,1,'管理员【shbai】登录',1573548942),
(950,1,'管理员【shbai】登录',1573549000),
(951,1,'管理员【shbai】登录',1573549511),
(952,1,'管理员【shbai】登录',1573549652),
(953,1,'管理员【shbai】登录',1573549751),
(954,1,'管理员【shbai】登录',1573550291),
(955,1,'管理员【shbai】登录',1573550810),
(956,1,'管理员【shbai】登录',1573550893),
(957,1,'管理员【shbai】登录',1573551020),
(958,1,'管理员【shbai】登录',1573551113),
(959,1,'管理员【shbai】登录',1573551867),
(960,1,'管理员【shbai】登录',1573553028),
(961,1,'管理员【shbai】登录',1573554114),
(962,1,'管理员【shbai】登录',1573554184),
(963,1,'管理员【shbai】登录',1573554211),
(964,1,'管理员【shbai】登录',1573554260),
(965,1,'管理员【shbai】登录',1573554542),
(966,1,'添加车辆【12】',1573554601),
(967,1,'管理员【shbai】登录',1573556364),
(968,1,'管理员【shbai】登录',1573556572),
(969,1,'添加车辆【232】',1573556583),
(970,1,'添加车辆【3232】',1573556614),
(971,1,'管理员【shbai】登录',1573556827),
(972,1,'管理员【shbai】登录',1573557470),
(973,1,'管理员【shbai】登录',1573558935),
(974,1,'管理员【shbai】登录',1573559017),
(975,1,'管理员【shbai】登录',1573559073),
(976,1,'管理员【shbai】登录',1573559148),
(977,1,'管理员【shbai】登录',1573559233),
(978,1,'管理员【shbai】登录',1573559789),
(979,1,'管理员【shbai】登录',1573559940),
(980,1,'管理员【shbai】登录',1573560006),
(981,1,'管理员【shbai】登录',1573560147),
(982,1,'管理员【shbai】登录',1573608346),
(983,1,'管理员【shbai】登录',1573608398),
(984,1,'管理员【shbai】登录',1573608515),
(985,1,'管理员【shbai】登录',1573608912),
(986,1,'管理员【shbai】登录',1573608972),
(987,1,'管理员【shbai】登录',1573609388),
(988,1,'管理员【shbai】登录',1573609415),
(989,1,'管理员【shbai】登录',1573609489),
(990,1,'管理员【shbai】登录',1573609659),
(991,1,'管理员【shbai】登录',1573609720),
(992,1,'管理员【shbai】登录',1573609990),
(993,1,'管理员【shbai】登录',1573610392),
(994,1,'管理员【shbai】登录',1573610556),
(995,1,'管理员【shbai】登录',1573610603),
(996,1,'管理员【shbai】登录',1573610741),
(997,1,'添加车辆【12131】',1573610919),
(998,1,'管理员【shbai】登录',1573611461),
(999,1,'管理员【shbai】登录',1573611580),
(1000,1,'管理员【shbai】登录',1573612498),
(1001,1,'管理员【shbai】登录',1573614754),
(1002,1,'管理员【shbai】登录',1573615005),
(1003,1,'管理员【shbai】登录',1573615104),
(1004,1,'管理员【shbai】登录',1573615400),
(1005,1,'管理员【shbai】登录',1573615633),
(1006,1,'编辑车辆【12131】',1573615638),
(1007,1,'编辑车辆【12131】',1573615649),
(1008,1,'编辑车辆【12131】',1573615662),
(1009,1,'编辑车辆【12131】',1573615696),
(1010,1,'添加车辆【122】',1573615715),
(1011,1,'编辑车辆【122】',1573615724),
(1012,1,'编辑车辆【1222】',1573615729),
(1013,1,'编辑车辆【1222】',1573615733),
(1014,1,'编辑车辆【1222】',1573615783),
(1015,1,'编辑车辆【1222w】',1573615825),
(1016,1,'管理员【shbai】登录',1573616126),
(1017,1,'编辑车辆【12131】',1573616130),
(1018,1,'编辑车辆【1222w】',1573616134),
(1019,1,'编辑车辆【1222w】',1573616140),
(1020,1,'编辑车辆【1222w】',1573616147),
(1021,1,'编辑车辆【12131】',1573616348),
(1022,1,'添加车辆【111111111111111】',1573616424),
(1023,1,'添加车辆【ooo】',1573616616),
(1024,1,'管理员【shbai】登录',1573616802),
(1025,2,'管理员【aaa】登录',1573616930),
(1026,1,'管理员【shbai】登录',1573617020),
(1027,1,'编辑车辆【111111111111111】',1573617036),
(1028,1,'管理员【shbai】登录',1573617188),
(1029,2,'管理员【aaa】登录',1573617297),
(1030,1,'管理员【shbai】登录',1573617832),
(1031,1,'管理员【shbai】登录',1573617952),
(1032,1,'管理员【shbai】登录',1573618132),
(1033,1,'管理员【shbai】登录',1573618186),
(1034,2,'管理员【aaa】登录',1573618459),
(1035,1,'管理员【shbai】登录',1573618614),
(1036,1,'管理员【shbai】登录',1573618642),
(1037,1,'管理员【shbai】登录',1573618698),
(1038,1,'删除车辆编号为【ooo】',1573618703),
(1039,2,'管理员【aaa】登录',1573618924),
(1040,2,'删除车辆【111111111111111】',1573618942),
(1041,2,'删除车辆【55】',1573618954),
(1042,1,'管理员【shbai】登录',1573634781),
(1043,1,'管理员【shbai】登录',1573635161),
(1044,1,'管理员【shbai】登录',1573635252),
(1045,1,'管理员【shbai】登录',1573635320),
(1046,1,'管理员【shbai】登录',1573635450),
(1047,1,'管理员【shbai】登录',1573635751),
(1048,1,'管理员【shbai】登录',1573635828),
(1049,1,'管理员【shbai】登录',1573636097),
(1050,1,'管理员【shbai】登录',1573636533),
(1051,1,'管理员【shbai】登录',1573636992),
(1052,1,'管理员【shbai】登录',1573694837),
(1053,1,'管理员【shbai】登录',1573695320),
(1054,1,'管理员【shbai】登录',1573695460),
(1055,1,'管理员【shbai】登录',1573695498),
(1056,1,'管理员【shbai】登录',1573695538),
(1057,1,'管理员【shbai】登录',1573696293),
(1058,1,'管理员【shbai】登录',1573696442),
(1059,1,'管理员【shbai】登录',1573696695),
(1060,1,'管理员【shbai】登录',1573697066),
(1061,1,'管理员【shbai】登录',1573697699),
(1062,1,'管理员【shbai】登录',1573698007),
(1063,1,'管理员【shbai】登录',1573698531),
(1064,1,'管理员【shbai】登录',1573700317),
(1065,1,'管理员【shbai】登录',1573700440),
(1066,1,'管理员【shbai】登录',1573700585),
(1067,1,'管理员【shbai】登录',1573700616),
(1068,1,'管理员【shbai】登录',1573700643),
(1069,1,'管理员【shbai】登录',1573701149),
(1070,1,'管理员【shbai】登录',1573701230),
(1071,1,'管理员【shbai】登录',1573701289),
(1072,1,'管理员【shbai】登录',1573701402),
(1073,1,'管理员【shbai】登录',1573701446),
(1074,1,'管理员【shbai】登录',1573701521),
(1075,1,'管理员【shbai】登录',1573701564),
(1076,1,'管理员【shbai】登录',1573701610),
(1077,1,'管理员【shbai】登录',1573701778),
(1078,1,'管理员【shbai】登录',1573701814),
(1079,1,'管理员【shbai】登录',1573702534),
(1080,1,'管理员【shbai】登录',1573703581),
(1081,1,'管理员【shbai】登录',1573703766),
(1082,1,'管理员【shbai】登录',1573704012),
(1083,1,'管理员【shbai】登录',1573704073),
(1084,1,'管理员【shbai】登录',1573711964),
(1085,1,'编辑司机【21】',1573712003),
(1086,1,'编辑司机【21】',1573712018),
(1087,1,'编辑司机【21】',1573712022),
(1088,1,'编辑司机【22】',1573712026),
(1089,1,'编辑司机【22】',1573712029),
(1090,1,'编辑司机【22】',1573712034),
(1091,1,'编辑司机【22】',1573712040),
(1092,1,'编辑司机【22】',1573712047),
(1093,1,'管理员【shbai】登录',1573712559),
(1094,1,'编辑司机【22】',1573712571),
(1095,1,'编辑司机【22】',1573712580),
(1096,1,'管理员【shbai】登录',1573712618),
(1097,1,'管理员【shbai】登录',1573712744),
(1098,1,'添加司机【12】',1573712854),
(1099,1,'添加司机【212】',1573712877),
(1100,1,'管理员【shbai】登录',1573713886),
(1101,1,'编辑司机【212】',1573713892),
(1102,1,'编辑司机【212】',1573713895),
(1103,1,'编辑司机【】',1573713902),
(1104,1,'管理员【shbai】登录',1573716755),
(1105,1,'管理员【shbai】登录',1573716889),
(1106,1,'管理员【shbai】登录',1573716947),
(1107,1,'管理员【shbai】登录',1573717273),
(1108,1,'管理员【shbai】登录',1573719767),
(1109,1,'管理员【shbai】登录',1573720334),
(1110,1,'管理员【shbai】登录',1573720792),
(1111,1,'管理员【shbai】登录',1573720870),
(1112,1,'管理员【shbai】登录',1573720923),
(1113,1,'管理员【shbai】登录',1573720980),
(1114,1,'管理员【shbai】登录',1573721092),
(1115,1,'管理员【shbai】登录',1573721235),
(1116,1,'管理员【shbai】登录',1573721324),
(1117,1,'管理员【shbai】登录',1573721369),
(1118,1,'管理员【shbai】登录',1573721408),
(1119,1,'管理员【shbai】登录',1573721619),
(1120,1,'管理员【shbai】登录',1573721651),
(1121,1,'管理员【shbai】登录',1573722246),
(1122,1,'管理员【shbai】登录',1573722455),
(1123,1,'管理员【shbai】登录',1573722483),
(1124,1,'管理员【shbai】登录',1573722645),
(1125,1,'管理员【shbai】登录',1573722735),
(1126,1,'管理员【shbai】登录',1573722942),
(1127,1,'管理员【shbai】登录',1573724018),
(1128,1,'管理员【shbai】登录',1573724577),
(1129,1,'管理员【shbai】登录',1573724844),
(1130,1,'管理员【shbai】登录',1573725616),
(1131,1,'管理员【shbai】登录',1573726751),
(1132,1,'管理员【shbai】登录',1573726838),
(1133,1,'管理员【shbai】登录',1573726908),
(1134,1,'管理员【shbai】登录',1573726978),
(1135,1,'管理员【shbai】登录',1573727095),
(1136,1,'管理员【shbai】登录',1573727138),
(1137,1,'管理员【shbai】登录',1573727191),
(1138,1,'管理员【shbai】登录',1573727338),
(1139,1,'管理员【shbai】登录',1573727423),
(1140,1,'管理员【shbai】登录',1573781649),
(1141,1,'管理员【shbai】登录',1573781799),
(1142,1,'管理员【shbai】登录',1573781888),
(1143,1,'管理员【shbai】登录',1573782216),
(1144,1,'管理员【shbai】登录',1573782500),
(1145,1,'管理员【shbai】登录',1573782545),
(1146,1,'管理员【shbai】登录',1573782701),
(1147,1,'管理员【shbai】登录',1573782719),
(1148,1,'管理员【shbai】登录',1573782764),
(1149,1,'管理员【shbai】登录',1573782842),
(1150,1,'管理员【shbai】登录',1573782896),
(1151,1,'管理员【shbai】登录',1573782953),
(1152,1,'管理员【shbai】登录',1573783038),
(1153,1,'管理员【shbai】登录',1573783075),
(1154,1,'管理员【shbai】登录',1573783201),
(1155,1,'管理员【shbai】登录',1573783363),
(1156,1,'管理员【shbai】登录',1573783668),
(1157,1,'管理员【shbai】登录',1573784265),
(1158,1,'编辑司机【1】',1573784272),
(1159,1,'管理员【shbai】登录',1573784492),
(1160,1,'管理员【shbai】登录',1573784520),
(1161,1,'管理员【shbai】登录',1573784560),
(1162,1,'管理员【shbai】登录',1573784637),
(1163,1,'管理员【shbai】登录',1573784850),
(1164,1,'管理员【shbai】登录',1573784917),
(1165,1,'管理员【shbai】登录',1573788292),
(1166,1,'管理员【shbai】登录',1573789110),
(1167,1,'管理员【shbai】登录',1573791368),
(1168,1,'删除司机【2】',1573791407),
(1169,2,'管理员【aaa】登录',1573791780),
(1170,2,'添加司机【ssssssssssssssssssss】',1573791916),
(1171,2,'添加司机【s】',1573792115),
(1172,2,'添加司机【sa】',1573792129),
(1173,2,'添加司机【dd】',1573792143),
(1174,2,'编辑司机【3】',1573792165),
(1175,2,'编辑司机【3】',1573792324),
(1176,2,'编辑司机【dd】',1573792743),
(1177,2,'编辑司机【dds】',1573792759),
(1178,1,'管理员【shbai】登录',1573804311),
(1179,1,'管理员【shbai】登录',1573804858),
(1180,1,'管理员【shbai】登录',1573806139),
(1181,1,'管理员【shbai】登录',1573806504),
(1182,1,'管理员【shbai】登录',1573808986),
(1183,1,'管理员【shbai】登录',1573809052),
(1184,1,'管理员【shbai】登录',1573809098),
(1185,1,'管理员【shbai】登录',1573809193),
(1186,1,'管理员【shbai】登录',1573809227),
(1187,1,'管理员【shbai】登录',1573809338),
(1188,1,'管理员【shbai】登录',1573809453),
(1189,1,'管理员【shbai】登录',1573809555),
(1190,1,'管理员【shbai】登录',1573809706),
(1191,1,'管理员【shbai】登录',1573809744),
(1192,1,'管理员【shbai】登录',1573809920),
(1193,1,'管理员【shbai】登录',1573810209),
(1194,1,'管理员【shbai】登录',1573810933),
(1195,1,'管理员【shbai】登录',1573811990),
(1196,1,'管理员【shbai】登录',1573812406),
(1197,1,'管理员【shbai】登录',1573812463),
(1198,1,'管理员【shbai】登录',1573812643),
(1199,1,'管理员【shbai】登录',1573812876),
(1200,1,'管理员【shbai】登录',1573813132),
(1201,1,'管理员【shbai】登录',1573813178),
(1202,1,'管理员【shbai】登录',1573813190),
(1203,1,'管理员【shbai】登录',1573813240),
(1204,1,'管理员【shbai】登录',1573813823),
(1205,1,'管理员【shbai】登录',1573813916),
(1206,1,'管理员【shbai】登录',1573814365),
(1207,1,'管理员【shbai】登录',1574040067),
(1208,1,'管理员【shbai】登录',1574041214),
(1209,1,'管理员【shbai】登录',1574041328),
(1210,1,'管理员【shbai】登录',1574044801),
(1211,1,'管理员【shbai】登录',1574047968),
(1212,1,'管理员【shbai】登录',1574051579),
(1213,1,'管理员【shbai】登录',1574056848),
(1214,1,'管理员【shbai】登录',1574057264),
(1215,1,'管理员【shbai】登录',1574058385),
(1216,1,'管理员【shbai】登录',1574058442),
(1217,1,'管理员【shbai】登录',1574058902),
(1218,1,'管理员【shbai】登录',1574059014),
(1219,1,'管理员【shbai】登录',1574059111),
(1220,1,'管理员【shbai】登录',1574059241),
(1221,1,'管理员【shbai】登录',1574059419),
(1222,1,'管理员【shbai】登录',1574059722),
(1223,1,'管理员【shbai】登录',1574059807),
(1224,1,'管理员【shbai】登录',1574060075),
(1225,1,'管理员【shbai】登录',1574060198),
(1226,1,'管理员【shbai】登录',1574060220),
(1227,1,'管理员【shbai】登录',1574060800),
(1228,1,'管理员【shbai】登录',1574062283),
(1229,1,'管理员【shbai】登录',1574062646),
(1230,1,'管理员【shbai】登录',1574062798),
(1231,1,'管理员【shbai】登录',1574066237),
(1232,1,'管理员【shbai】登录',1574066343),
(1233,1,'管理员【shbai】登录',1574066473),
(1234,1,'管理员【shbai】登录',1574066509),
(1235,1,'管理员【shbai】登录',1574066547),
(1236,1,'管理员【shbai】登录',1574066689),
(1237,1,'管理员【shbai】登录',1574066969),
(1238,1,'管理员【shbai】登录',1574067048),
(1239,1,'管理员【shbai】登录',1574067241),
(1240,1,'管理员【shbai】登录',1574068726),
(1241,1,'管理员【shbai】登录',1574069520),
(1242,1,'管理员【shbai】登录',1574070117),
(1243,1,'管理员【shbai】登录',1574071007),
(1244,1,'管理员【shbai】登录',1574073159),
(1245,1,'管理员【shbai】登录',1574073527),
(1246,1,'管理员【shbai】登录',1574074704),
(1247,1,'管理员【shbai】登录',1574078028),
(1248,1,'管理员【shbai】登录',1574078083),
(1249,1,'管理员【shbai】登录',1574127595),
(1250,1,'管理员【shbai】登录',1574128820),
(1251,1,'管理员【shbai】登录',1574128936),
(1252,1,'【shbai】添加失物招领',1574129749),
(1253,1,'管理员【shbai】登录',1574129795),
(1254,1,'【shbai】添加失物招领',1574129799),
(1255,1,'【shbai】添加失物招领',1574129809),
(1256,1,'管理员【shbai】登录',1574129865),
(1257,1,'【shbai】添加失物招领',1574129869),
(1258,1,'【shbai】添加失物招领',1574129955),
(1259,1,'管理员【shbai】登录',1574130123),
(1260,1,'【shbai】添加失物招领',1574130138),
(1261,1,'管理员【shbai】登录',1574130542),
(1262,1,'管理员【shbai】登录',1574130821),
(1263,1,'【shbai】添加失物招领',1574131291),
(1264,1,'管理员【shbai】登录',1574132669),
(1265,1,'管理员【shbai】登录',1574132697),
(1266,1,'删除发布日期为【1970-01-19 12:45:16】失物招领',1574132750),
(1267,1,'管理员【shbai】登录',1574132777),
(1268,1,'删除发布日期为【1970-01-19 13:15:29】失物招领',1574132780),
(1269,1,'管理员【shbai】登录',1574132798),
(1270,1,'删除发布日期为【1970-01-19 13:15:29】失物招领',1574132801),
(1271,1,'管理员【shbai】登录',1574133277),
(1272,1,'管理员【shbai】登录',1574133503),
(1273,1,'管理员【shbai】登录',1574133538),
(1274,1,'管理员【shbai】登录',1574133710),
(1275,1,'管理员【shbai】登录',1574134873),
(1276,1,'管理员【shbai】登录',1574135074),
(1277,1,'删除发布日期为【1574129799】失物招领',1574135078),
(1278,1,'删除发布日期为【1574129869】失物招领',1574135084),
(1279,1,'删除发布日期为【1574135078】失物招领',1574135090),
(1280,1,'删除发布日期为【1574135084】失物招领',1574135100),
(1281,1,'【shbai】添加失物招领',1574135122),
(1282,1,'【shbai】添加失物招领',1574135125),
(1283,1,'【shbai】添加失物招领',1574135215),
(1284,1,'【shbai】添加失物招领',1574135221),
(1285,1,'【shbai】添加失物招领',1574135226),
(1286,1,'【shbai】添加失物招领',1574135228),
(1287,1,'管理员【shbai】登录',1574136256),
(1288,1,'管理员【shbai】登录',1574136272),
(1289,1,'管理员【shbai】登录',1574136377),
(1290,1,'管理员【shbai】登录',1574136457),
(1291,1,'管理员【shbai】登录',1574137436),
(1292,1,'管理员【shbai】登录',1574137457),
(1293,1,'管理员【shbai】登录',1574137507),
(1294,1,'管理员【shbai】登录',1574137536),
(1295,1,'管理员【shbai】登录',1574137579),
(1296,1,'管理员【shbai】登录',1574137704),
(1297,1,'管理员【shbai】登录',1574137732),
(1298,1,'管理员【shbai】登录',1574137772),
(1299,1,'管理员【shbai】登录',1574137842),
(1300,1,'管理员【shbai】登录',1574137891),
(1301,1,'管理员【shbai】登录',1574138105),
(1302,1,'管理员【shbai】登录',1574138172),
(1303,1,'管理员【shbai】登录',1574138226),
(1304,1,'管理员【shbai】登录',1574138406),
(1305,1,'管理员【shbai】登录',1574138454),
(1306,1,'管理员【shbai】登录',1574138496),
(1307,1,'管理员【shbai】登录',1574138612),
(1308,1,'管理员【shbai】登录',1574138853),
(1309,1,'管理员【shbai】登录',1574138980),
(1310,1,'管理员【shbai】登录',1574139097),
(1311,1,'管理员【shbai】登录',1574139111),
(1312,1,'管理员【shbai】登录',1574139151),
(1313,1,'管理员【shbai】登录',1574139938),
(1314,1,'管理员【shbai】登录',1574140018),
(1315,1,'管理员【shbai】登录',1574140836),
(1316,1,'删除发布日期为【1970-01-19 13:15:35】失物招领',1574141124),
(1317,1,'删除发布日期为【1970-01-19 13:15:35】失物招领',1574141128),
(1318,1,'管理员【shbai】登录',1574146168),
(1319,1,'删除发布日期为【1970-01-19 13:15:35】失物招领',1574146303),
(1320,1,'管理员【shbai】登录',1574146371),
(1321,1,'删除发布日期为【1970-01-19 13:15:35】失物招领',1574146375),
(1322,1,'管理员【shbai】登录',1574147220),
(1323,1,'管理员【shbai】登录',1574147247),
(1324,1,'删除【shbai】于【1970-01-19 13:15:35】发布的失物招领',1574147251),
(1325,1,'管理员【shbai】登录',1574148842),
(1326,1,'编辑【shbai】于【1970-01-19 13:15:35】发布的失物招领',1574148852),
(1327,1,'编辑【shbai】于【1970-01-19 13:15:35】发布的失物招领',1574148856),
(1328,1,'编辑【shbai】于【1970-01-19 13:15:35】发布的失物招领',1574148864),
(1329,1,'删除【shbai】于【1970-01-19 13:15:35】发布的失物招领',1574148868),
(1330,1,'删除【shbai】于【1970-01-19 13:15:35】发布的失物招领',1574148872),
(1331,1,'删除【shbai】于【1970-01-19 13:15:31】发布的失物招领',1574148875),
(1332,1,'添加失物招领',1574148880),
(1333,1,'添加失物招领',1574148883),
(1334,1,'删除【shbai】于【1970-01-19 13:15:30】发布的失物招领',1574148888),
(1335,1,'添加失物招领',1574148895),
(1336,1,'删除【shbai】于【1970-01-19 13:15:35】发布的失物招领',1574148898),
(1337,1,'添加失物招领',1574148938),
(1338,1,'删除【shbai】于【1970-01-19 13:15:48】发布的失物招领',1574148941),
(1339,1,'管理员【shbai】登录',1574148996),
(1340,1,'添加失物招领',1574149002),
(1341,1,'删除【shbai】于【2019-11-19 15:36:42】发布的失物招领',1574149004),
(1342,1,'管理员【shbai】登录',1574149193),
(1343,1,'删除【shbai】于【2019-11-19 15:34:55】发布的失物招领',1574149197),
(1344,1,'添加失物招领【2019-11-19 15:40:05】',1574149205),
(1345,1,'编辑【shbai】于【2019-11-19 15:40:05】发布的失物招领',1574149210),
(1346,1,'编辑【shbai】于【2019-11-19 15:40:05】发布的失物招领',1574149215),
(1347,1,'添加失物招领【2019-11-19 15:40:22】',1574149222),
(1348,1,'管理员【shbai】登录',1574153974),
(1349,1,'管理员【shbai】登录',1574155220),
(1350,1,'管理员【shbai】登录',1574155998),
(1351,1,'管理员【shbai】登录',1574156030),
(1352,1,'管理员【shbai】登录',1574157266),
(1353,1,'管理员【shbai】登录',1574212389),
(1354,1,'管理员【shbai】登录',1574214143),
(1355,1,'管理员【shbai】登录',1574214198),
(1356,1,'管理员【shbai】登录',1574215423),
(1357,1,'管理员【shbai】登录',1574215614),
(1358,1,'管理员【shbai】登录',1574215763),
(1359,1,'管理员【shbai】登录',1574215890),
(1360,1,'管理员【shbai】登录',1574217633),
(1361,1,'管理员【shbai】登录',1574217785),
(1362,1,'管理员【shbai】登录',1574219424),
(1363,1,'管理员【shbai】登录',1574219458),
(1364,1,'管理员【shbai】登录',1574219499),
(1365,1,'管理员【shbai】登录',1574219644),
(1366,1,'管理员【shbai】登录',1574219713),
(1367,1,'管理员【shbai】登录',1574219757),
(1368,1,'管理员【shbai】登录',1574220096),
(1369,1,'管理员【shbai】登录',1574220128),
(1370,1,'管理员【shbai】登录',1574220153),
(1371,1,'管理员【shbai】登录',1574220231),
(1372,1,'管理员【shbai】登录',1574220307),
(1373,1,'管理员【shbai】登录',1574220360),
(1374,1,'管理员【shbai】登录',1574220382),
(1375,1,'管理员【shbai】登录',1574220511),
(1376,1,'管理员【shbai】登录',1574220531),
(1377,1,'管理员【shbai】登录',1574222168),
(1378,1,'管理员【shbai】登录',1574222491),
(1379,1,'管理员【shbai】登录',1574232952),
(1380,1,'管理员【shbai】登录',1574233256),
(1381,1,'管理员【shbai】登录',1574233320),
(1382,1,'管理员【shbai】登录',1574234699),
(1383,1,'管理员【shbai】登录',1574236045),
(1384,1,'管理员【shbai】登录',1574236964),
(1385,1,'管理员【shbai】登录',1574237307),
(1386,1,'管理员【shbai】登录',1574239374),
(1387,1,'管理员【shbai】登录',1574239418),
(1388,1,'管理员【shbai】登录',1574240901),
(1389,1,'管理员【shbai】登录',1574240942),
(1390,1,'管理员【shbai】登录',1574243750),
(1391,1,'管理员【shbai】登录',1574243789),
(1392,1,'管理员【shbai】登录',1574243975),
(1393,1,'管理员【shbai】登录',1574244022),
(1394,1,'管理员【shbai】登录',1574244287),
(1395,1,'管理员【shbai】登录',1574298989),
(1396,1,'管理员【shbai】登录',1574299222),
(1397,1,'管理员【shbai】登录',1574299380),
(1398,1,'管理员【shbai】登录',1574303621),
(1399,1,'管理员【shbai】登录',1574303669),
(1400,1,'管理员【shbai】登录',1574303718),
(1401,1,'管理员【shbai】登录',1574303751),
(1402,1,'管理员【shbai】登录',1574303946),
(1403,1,'管理员【shbai】登录',1574303988),
(1404,1,'管理员【shbai】登录',1574304006),
(1405,1,'管理员【shbai】登录',1574304030),
(1406,1,'管理员【shbai】登录',1574304344),
(1407,1,'管理员【shbai】登录',1574304422),
(1408,1,'管理员【shbai】登录',1574304600),
(1409,1,'管理员【shbai】登录',1574305098),
(1410,1,'管理员【shbai】登录',1574306239),
(1411,1,'管理员【shbai】登录',1574306278),
(1412,1,'管理员【shbai】登录',1574306660),
(1413,1,'管理员【shbai】登录',1574306706),
(1414,1,'管理员【shbai】登录',1574306743),
(1415,1,'管理员【shbai】登录',1574317657),
(1416,1,'管理员【shbai】登录',1574319663),
(1417,1,'管理员【shbai】登录',1574320009),
(1418,1,'管理员【shbai】登录',1574320514),
(1419,1,'管理员【shbai】登录',1574320679),
(1420,1,'管理员【shbai】登录',1574320816),
(1421,1,'管理员【shbai】登录',1574330936),
(1422,1,'管理员【shbai】登录',1574331237),
(1423,1,'管理员【shbai】登录',1574333032),
(1424,1,'管理员【shbai】登录',1574335609),
(1425,1,'管理员【shbai】登录',1574343192),
(1426,1,'管理员【shbai】登录',1574343339),
(1427,1,'管理员【shbai】登录',1574387931),
(1428,1,'管理员【shbai】登录',1574407800),
(1429,1,'管理员【shbai】登录',1574407846),
(1430,1,'管理员【shbai】登录',1574408011),
(1431,1,'管理员【shbai】登录',1574408172),
(1432,1,'管理员【shbai】登录',1574409902),
(1433,1,'管理员【shbai】登录',1574418158),
(1434,1,'管理员【shbai】登录',1574418430),
(1435,1,'管理员【shbai】登录',1574418617),
(1436,1,'管理员【shbai】登录',1574418878),
(1437,1,'管理员【shbai】登录',1574418892),
(1438,1,'管理员【shbai】登录',1574420809),
(1439,1,'管理员【shbai】登录',1574425390),
(1440,1,'管理员【shbai】登录',1574426540),
(1441,1,'管理员【shbai】登录',1574427992),
(1442,1,'管理员【shbai】登录',1574644298),
(1443,1,'管理员【shbai】登录',1574645375),
(1444,1,'管理员【shbai】登录',1574661918),
(1445,1,'管理员【shbai】登录',1574662491),
(1446,1,'管理员【shbai】登录',1574662708),
(1447,1,'管理员【shbai】登录',1574663384),
(1448,1,'管理员【shbai】登录',1574663422),
(1449,1,'管理员【shbai】登录',1574670737),
(1450,1,'管理员【shbai】登录',1574671039),
(1451,1,'管理员【shbai】登录',1574671109),
(1452,1,'管理员【shbai】登录',1574677602),
(1453,1,'管理员【shbai】登录',1574677665),
(1454,1,'管理员【shbai】登录',1574677770),
(1455,1,'管理员【shbai】登录',1574677791),
(1456,1,'管理员【shbai】登录',1574678139),
(1457,1,'管理员【shbai】登录',1574678248),
(1458,1,'管理员【shbai】登录',1574678443),
(1459,1,'管理员【shbai】登录',1574678586),
(1460,1,'管理员【shbai】登录',1574678750),
(1461,1,'管理员【shbai】登录',1574678824),
(1462,1,'管理员【shbai】登录',1574678882),
(1463,1,'管理员【shbai】登录',1574678904),
(1464,1,'管理员【shbai】登录',1574678973),
(1465,1,'管理员【shbai】登录',1574679012),
(1466,1,'管理员【shbai】登录',1574679038),
(1467,1,'管理员【shbai】登录',1574679958),
(1468,1,'管理员【shbai】登录',1574734417),
(1469,1,'管理员【shbai】登录',1574735394),
(1470,1,'管理员【shbai】登录',1574736473),
(1471,1,'管理员【shbai】登录',1574736886),
(1472,1,'管理员【shbai】登录',1574737723),
(1473,1,'管理员【shbai】登录',1574739017),
(1474,1,'添加司机【123】',1574739166),
(1475,1,'管理员【shbai】登录',1574751767),
(1476,1,'管理员【shbai】登录',1574752023),
(1477,1,'管理员【shbai】登录',1574752675),
(1478,1,'管理员【shbai】登录',1574752710),
(1479,1,'管理员【shbai】登录',1574753091),
(1480,1,'管理员【shbai】登录',1574753227),
(1481,1,'管理员【shbai】登录',1574755876),
(1482,1,'管理员【shbai】登录',1574757315),
(1483,1,'管理员【shbai】登录',1574760201),
(1484,1,'管理员【shbai】登录',1574760689),
(1485,1,'管理员【shbai】登录',1574761613),
(1486,1,'管理员【shbai】登录',1574761910),
(1487,1,'管理员【shbai】登录',1574763450),
(1488,1,'管理员【shbai】登录',1574763936),
(1489,1,'管理员【shbai】登录',1574764037),
(1490,1,'管理员【shbai】登录',1574764458),
(1491,1,'管理员【shbai】登录',1574817946),
(1492,1,'管理员【shbai】登录',1574818100),
(1493,1,'管理员【shbai】登录',1574818370),
(1494,1,'管理员【shbai】登录',1574818725),
(1495,1,'管理员【shbai】登录',1574819031),
(1496,1,'管理员【shbai】登录',1574819111),
(1497,1,'管理员【shbai】登录',1574819165),
(1498,1,'管理员【shbai】登录',1574819318),
(1499,1,'管理员【shbai】登录',1574819438),
(1500,1,'管理员【shbai】登录',1574819597),
(1501,1,'管理员【shbai】登录',1574820155),
(1502,1,'管理员【shbai】登录',1574820335),
(1503,1,'添加车站【111】',1574820563),
(1504,1,'管理员【shbai】登录',1574821029),
(1505,1,'管理员【shbai】登录',1574821092),
(1506,1,'管理员【shbai】登录',1574821419),
(1507,1,'管理员【shbai】登录',1574823053),
(1508,1,'管理员【shbai】登录',1574823108),
(1509,1,'管理员【shbai】登录',1574823153),
(1510,1,'管理员【shbai】登录',1574823253),
(1511,1,'管理员【shbai】登录',1574823281),
(1512,1,'管理员【shbai】登录',1574823355),
(1513,1,'管理员【shbai】登录',1574823427),
(1514,1,'管理员【shbai】登录',1574823781),
(1515,1,'管理员【shbai】登录',1574823819),
(1516,1,'管理员【shbai】登录',1574823957),
(1517,1,'管理员【shbai】登录',1574824114),
(1518,1,'管理员【shbai】登录',1574824237),
(1519,1,'管理员【shbai】登录',1574824282),
(1520,1,'管理员【shbai】登录',1574824490),
(1521,1,'管理员【shbai】登录',1574825201),
(1522,1,'管理员【shbai】登录',1574825529),
(1523,1,'管理员【shbai】登录',1574825575),
(1524,1,'管理员【shbai】登录',1574825744),
(1525,1,'管理员【shbai】登录',1574826003),
(1526,1,'管理员【shbai】登录',1574826116),
(1527,1,'管理员【shbai】登录',1574826639),
(1528,1,'管理员【shbai】登录',1574827017),
(1529,1,'管理员【shbai】登录',1574827118),
(1530,1,'管理员【shbai】登录',1574827135),
(1531,1,'管理员【shbai】登录',1574827156),
(1532,1,'管理员【shbai】登录',1574827544),
(1533,1,'管理员【shbai】登录',1574828567),
(1534,1,'管理员【shbai】登录',1574837196),
(1535,1,'管理员【shbai】登录',1574837352),
(1536,1,'管理员【shbai】登录',1574837711),
(1537,1,'管理员【shbai】登录',1574837812),
(1538,1,'管理员【shbai】登录',1574842710),
(1539,1,'管理员【shbai】登录',1574844964),
(1540,1,'管理员【shbai】登录',1574845079),
(1541,1,'管理员【shbai】登录',1574845212),
(1542,1,'管理员【shbai】登录',1574847313),
(1543,1,'管理员【shbai】登录',1574847425),
(1544,1,'管理员【shbai】登录',1574847890),
(1545,1,'管理员【shbai】登录',1574848395),
(1546,1,'管理员【shbai】登录',1574849051),
(1547,1,'管理员【shbai】登录',1574849096),
(1548,1,'管理员【shbai】登录',1574850406),
(1549,1,'管理员【shbai】登录',1574850478),
(1550,1,'管理员【shbai】登录',1574850524),
(1551,1,'管理员【shbai】登录',1574850551),
(1552,1,'管理员【shbai】登录',1574850600),
(1553,1,'管理员【shbai】登录',1574903419),
(1554,1,'管理员【shbai】登录',1574903826),
(1555,1,'管理员【shbai】登录',1574903889),
(1556,1,'管理员【shbai】登录',1574904479),
(1557,1,'管理员【shbai】登录',1574907111),
(1558,1,'管理员【shbai】登录',1574913195),
(1559,1,'管理员【shbai】登录',1574914320),
(1560,1,'管理员【shbai】登录',1574914566),
(1561,1,'管理员【shbai】登录',1574914696),
(1562,1,'管理员【shbai】登录',1574914893),
(1563,1,'管理员【shbai】登录',1574914936),
(1564,1,'管理员【shbai】登录',1574915336),
(1565,1,'管理员【shbai】登录',1574915382),
(1566,1,'管理员【shbai】登录',1574915433),
(1567,1,'管理员【shbai】登录',1574915602),
(1568,1,'管理员【shbai】登录',1574915642),
(1569,1,'管理员【shbai】登录',1574915723),
(1570,1,'管理员【shbai】登录',1574920667),
(1571,1,'管理员【shbai】登录',1574920709),
(1572,1,'管理员【shbai】登录',1574920896),
(1573,1,'管理员【shbai】登录',1574922514),
(1574,1,'管理员【shbai】登录',1574922674),
(1575,1,'管理员【shbai】登录',1574922735),
(1576,1,'管理员【shbai】登录',1574923122),
(1577,1,'管理员【shbai】登录',1574924056),
(1578,1,'管理员【shbai】登录',1574924142),
(1579,1,'管理员【shbai】登录',1574924189),
(1580,1,'管理员【shbai】登录',1574925515),
(1581,1,'管理员【shbai】登录',1574926189),
(1582,1,'管理员【shbai】登录',1574927154),
(1583,1,'管理员【shbai】登录',1574928115),
(1584,1,'管理员【shbai】登录',1574928234),
(1585,1,'添加管理员【ssa】',1574928429),
(1586,1,'管理员【shbai】登录',1574928600),
(1587,1,'管理员【shbai】登录',1574928695),
(1588,1,'管理员【shbai】登录',1574928771),
(1589,1,'管理员【shbai】登录',1574936558),
(1590,1,'管理员【shbai】登录',1574991680),
(1591,1,'管理员【shbai】登录',1574992118),
(1592,1,'管理员【shbai】登录',1574992150),
(1593,1,'管理员【shbai】登录',1574992252),
(1594,1,'管理员【shbai】登录',1574998721),
(1595,1,'添加排班日程【2019-11-25 02:00:00】',1574998740),
(1596,1,'管理员【shbai】登录',1574999349),
(1597,1,'管理员【shbai】登录',1574999517),
(1598,1,'管理员【shbai】登录',1574999530),
(1599,1,'管理员【shbai】登录',1574999589),
(1600,1,'管理员【shbai】登录',1574999669),
(1601,1,'管理员【shbai】登录',1574999776),
(1602,1,'管理员【shbai】登录',1574999829),
(1603,1,'管理员【shbai】登录',1574999919),
(1604,1,'管理员【shbai】登录',1574999997),
(1605,1,'删除排班日程【2019-11-25 00:00:00】',1575000001),
(1606,1,'删除排班日程【2019-11-25 02:00:00】',1575000012),
(1607,1,'删除排班日程【2019-11-26 01:00:00】',1575000083),
(1608,1,'删除排班日程【2019-11-27 01:02:00】',1575000090),
(1609,1,'删除排班日程【2019-11-29 00:04:00】',1575000093),
(1610,1,'添加排班日程【2019-11-29 00:00:00】',1575000099),
(1611,1,'添加排班日程【2019-11-29 00:03:00】',1575000117),
(1612,1,'添加排班日程【2019-11-29 00:03:00】',1575000129),
(1613,1,'删除排班日程【2019-11-29 00:03:00】',1575000131),
(1614,1,'删除排班日程【2019-11-29 00:03:00】',1575000191),
(1615,1,'添加排班日程【2019-11-29 04:00:00】',1575000205),
(1616,1,'删除排班日程【2019-11-29 04:00:00】',1575000213),
(1617,1,'删除排班日程【2019-11-29 00:00:00】',1575000218),
(1618,1,'添加排班日程【2019-11-29 00:00:00】',1575000230),
(1619,1,'添加排班日程【2019-11-29 00:02:03】',1575000244),
(1620,1,'添加排班日程【2019-11-29 00:00:00】',1575000254),
(1621,1,'删除排班日程【2019-11-29 00:00:00】',1575000260),
(1622,1,'管理员【shbai】登录',1575000344),
(1623,1,'管理员【shbai】登录',1575000756),
(1624,1,'添加排班日程【2019-11-25 00:00:00】',1575000766),
(1625,1,'管理员【shbai】登录',1575000978),
(1626,1,'管理员【shbai】登录',1575001410),
(1627,1,'添加排班日程【2019-11-25 00:00:00】',1575001443),
(1628,1,'管理员【shbai】登录',1575007232),
(1629,1,'管理员【shbai】登录',1575007363),
(1630,1,'管理员【shbai】登录',1575008351),
(1631,1,'管理员【shbai】登录',1575010389),
(1632,1,'添加排班日程【2019-11-29 00:02:03】',1575011594),
(1633,1,'删除排班日程【2019-11-29 00:02:03】',1575011603),
(1634,1,'删除排班日程【2019-11-25 00:00:00】',1575011680),
(1635,1,'添加排班日程【2019-11-29 03:00:00】',1575011695),
(1636,1,'删除排班日程【2019-11-29 00:00:00】',1575011698),
(1637,1,'管理员【shbai】登录',1575013118),
(1638,1,'管理员【shbai】登录',1575013287),
(1639,1,'管理员【shbai】登录',1575014075),
(1640,1,'管理员【shbai】登录',1575017736),
(1641,1,'管理员【shbai】登录',1575018449),
(1642,1,'添加排班日程【2019-11-26 00:00:00】',1575018791),
(1643,1,'删除排班日程【2019-11-25 00:00:00】',1575019875),
(1644,1,'添加排班日程【2019-11-29 04:00:00】',1575020865),
(1645,1,'管理员【shbai】登录',1575022989),
(1646,1,'添加排班日程【2019-11-25 00:00:00】',1575023008),
(1647,1,'管理员【shbai】登录',1575025845),
(1648,1,'管理员【shbai】登录',1575251484),
(1649,1,'管理员【shbai】登录',1575251820),
(1650,1,'管理员【shbai】登录',1575252959),
(1651,1,'管理员【shbai】登录',1575253338),
(1652,1,'管理员【shbai】登录',1575253381),
(1653,1,'管理员【shbai】登录',1575253467),
(1654,1,'管理员【shbai】登录',1575253611),
(1655,1,'管理员【shbai】登录',1575254855),
(1656,1,'管理员【shbai】登录',1575255105),
(1657,1,'管理员【shbai】登录',1575256227),
(1658,1,'管理员【shbai】登录',1575256400),
(1659,1,'管理员【shbai】登录',1575256474),
(1660,1,'管理员【shbai】登录',1575256987),
(1661,1,'管理员【shbai】登录',1575257029),
(1662,1,'管理员【shbai】登录',1575257169),
(1663,1,'管理员【shbai】登录',1575257195),
(1664,1,'管理员【shbai】登录',1575257504),
(1665,1,'管理员【shbai】登录',1575258161),
(1666,1,'管理员【shbai】登录',1575258203),
(1667,1,'管理员【shbai】登录',1575258276),
(1668,1,'管理员【shbai】登录',1575258725),
(1669,1,'管理员【shbai】登录',1575258754),
(1670,1,'管理员【shbai】登录',1575258769),
(1671,1,'管理员【shbai】登录',1575258929),
(1672,1,'管理员【shbai】登录',1575259978),
(1673,1,'管理员【shbai】登录',1575267467),
(1674,1,'管理员【shbai】登录',1575268044),
(1675,1,'管理员【shbai】登录',1575272326),
(1676,1,'管理员【shbai】登录',1575273413),
(1677,1,'管理员【shbai】登录',1575273497),
(1678,1,'管理员【shbai】登录',1575273917),
(1679,1,'管理员【shbai】登录',1575274406),
(1680,1,'管理员【shbai】登录',1575275240),
(1681,1,'管理员【shbai】登录',1575275583),
(1682,1,'管理员【shbai】登录',1575275689),
(1683,1,'管理员【shbai】登录',1575276807),
(1684,1,'管理员【shbai】登录',1575276909),
(1685,1,'管理员【shbai】登录',1575277147),
(1686,1,'管理员【shbai】登录',1575277746),
(1687,1,'管理员【shbai】登录',1575278857),
(1688,1,'管理员【shbai】登录',1575279877),
(1689,1,'管理员【shbai】登录',1575280520),
(1690,1,'管理员【shbai】登录',1575280578),
(1691,1,'管理员【shbai】登录',1575280782),
(1692,1,'管理员【shbai】登录',1575280956),
(1693,1,'编辑车辆【121310】',1575280998),
(1694,1,'管理员【shbai】登录',1575283249),
(1695,1,'管理员【shbai】登录',1575283847),
(1696,1,'管理员【shbai】登录',1575336182),
(1697,1,'管理员【shbai】登录',1575336450),
(1698,1,'管理员【shbai】登录',1575336512),
(1699,1,'添加排班日程【2019-12-02 01:02:00】',1575336530),
(1700,1,'管理员【shbai】登录',1575336659),
(1701,1,'添加排班日程【2019-12-02 02:02:03】',1575336672),
(1702,1,'添加排班日程【2019-12-02 02:02:01】',1575336697),
(1703,1,'管理员【shbai】登录',1575336877),
(1704,1,'管理员【shbai】登录',1575338857),
(1705,1,'管理员【shbai】登录',1575357339),
(1706,1,'管理员【shbai】登录',1575358444),
(1707,1,'管理员【shbai】登录',1575358647),
(1708,1,'管理员【shbai】登录',1575358707),
(1709,1,'管理员【shbai】登录',1575358741),
(1710,1,'管理员【shbai】登录',1575358826),
(1711,1,'管理员【shbai】登录',1575358908),
(1712,1,'管理员【shbai】登录',1575360267),
(1713,1,'管理员【shbai】登录',1575360346),
(1714,1,'管理员【shbai】登录',1575360431),
(1715,1,'管理员【shbai】登录',1575360685),
(1716,1,'管理员【shbai】登录',1575360723),
(1717,1,'管理员【shbai】登录',1575360777),
(1718,1,'管理员【shbai】登录',1575360938),
(1719,1,'管理员【shbai】登录',1575361096),
(1720,1,'管理员【shbai】登录',1575362158),
(1721,1,'编辑车辆【1222w】',1575362166),
(1722,1,'编辑车辆【哦哦哦】',1575362236),
(1723,1,'编辑车辆【哦哦哦】',1575362588),
(1724,1,'编辑车辆【1222w】',1575362600),
(1725,1,'管理员【shbai】登录',1575362645),
(1726,1,'编辑车辆【1222w】',1575362653),
(1727,1,'管理员【shbai】登录',1575362697),
(1728,1,'编辑车辆【哦哦哦】',1575362706),
(1729,1,'编辑车辆【哦哦哦】',1575362710),
(1730,1,'管理员【shbai】登录',1575362768),
(1731,1,'编辑车辆【1222w】',1575362774),
(1732,1,'编辑车辆【1222w】',1575362794),
(1733,1,'管理员【shbai】登录',1575362846),
(1734,1,'编辑车辆【1222w】',1575362857),
(1735,1,'管理员【shbai】登录',1575362885),
(1736,1,'编辑车辆【1222w】',1575362891),
(1737,1,'编辑车辆【哦哦哦】',1575363044),
(1738,1,'管理员【shbai】登录',1575363428),
(1739,1,'管理员【shbai】登录',1575363854),
(1740,1,'管理员【shbai】登录',1575364221),
(1741,1,'管理员【shbai】登录',1575367716),
(1742,1,'管理员【shbai】登录',1575367829),
(1743,1,'管理员【shbai】登录',1575367903),
(1744,1,'管理员【shbai】登录',1575368382),
(1745,1,'管理员【shbai】登录',1575368429),
(1746,1,'管理员【shbai】登录',1575368598),
(1747,1,'管理员【shbai】登录',1575368761),
(1748,1,'管理员【shbai】登录',1575368897),
(1749,1,'管理员【shbai】登录',1575369609),
(1750,1,'管理员【shbai】登录',1575369764),
(1751,1,'管理员【shbai】登录',1575369828),
(1752,1,'管理员【shbai】登录',1575370007),
(1753,1,'管理员【shbai】登录',1575370015),
(1754,1,'管理员【shbai】登录',1575370060),
(1755,1,'管理员【shbai】登录',1575370134),
(1756,1,'管理员【shbai】登录',1575370228),
(1757,1,'管理员【shbai】登录',1575370437),
(1758,1,'管理员【shbai】登录',1575422000),
(1759,1,'管理员【shbai】登录',1575422138),
(1760,1,'管理员【shbai】登录',1575422277),
(1761,1,'管理员【shbai】登录',1575422400),
(1762,1,'管理员【shbai】登录',1575423635),
(1763,1,'管理员【shbai】登录',1575423885),
(1764,1,'管理员【shbai】登录',1575424093),
(1765,1,'管理员【shbai】登录',1575424905),
(1766,1,'管理员【shbai】登录',1575424959),
(1767,1,'删除排班日程【2019-12-02 01:02:00】',1575424964),
(1768,1,'删除排班日程【2019-12-02 01:02:00】',1575424971),
(1769,1,'删除排班日程【2019-12-02 02:02:01】',1575424981),
(1770,1,'删除排班日程【2019-12-02 07:04:06】',1575425440),
(1771,1,'删除排班日程【2019-12-02 03:03:04】',1575425496),
(1772,1,'删除排班日程【2019-12-02 00:02:00】',1575425598),
(1773,1,'删除排班日程【2019-12-02 03:00:00】',1575425629),
(1774,1,'删除排班日程【2019-12-02 00:02:00】',1575425674),
(1775,1,'删除排班日程【2019-12-02 00:02:00】',1575425676),
(1776,1,'删除排班日程【2019-12-02 00:02:00】',1575425679),
(1777,1,'管理员【shbai】登录',1575425872),
(1778,1,'管理员【shbai】登录',1575426101),
(1779,1,'管理员【shbai】登录',1575426169),
(1780,1,'删除排班日程【2019-12-02 01:02:00】',1575426174),
(1781,1,'删除排班日程【2019-12-02 00:02:00】',1575426178),
(1782,1,'管理员【shbai】登录',1575426378),
(1783,1,'管理员【shbai】登录',1575426553),
(1784,1,'管理员【shbai】登录',1575426642),
(1785,1,'管理员【shbai】登录',1575427567),
(1786,1,'管理员【shbai】登录',1575427650),
(1787,1,'管理员【shbai】登录',1575427762),
(1788,1,'管理员【shbai】登录',1575427796),
(1789,1,'管理员【shbai】登录',1575427827),
(1790,1,'管理员【shbai】登录',1575427879),
(1791,1,'管理员【shbai】登录',1575427931),
(1792,1,'管理员【shbai】登录',1575427977),
(1793,1,'管理员【shbai】登录',1575428041),
(1794,1,'管理员【shbai】登录',1575428088),
(1795,1,'删除排班日程【2019-12-02 02:02:03】',1575428093),
(1796,1,'管理员【shbai】登录',1575428308),
(1797,1,'管理员【shbai】登录',1575428411),
(1798,1,'管理员【shbai】登录',1575428484),
(1799,1,'管理员【shbai】登录',1575428527),
(1800,1,'管理员【shbai】登录',1575428551),
(1801,1,'管理员【shbai】登录',1575428620),
(1802,1,'管理员【shbai】登录',1575428639),
(1803,1,'管理员【shbai】登录',1575428683),
(1804,1,'管理员【shbai】登录',1575428762),
(1805,1,'管理员【shbai】登录',1575428817),
(1806,1,'管理员【shbai】登录',1575429325),
(1807,1,'管理员【shbai】登录',1575429382),
(1808,1,'管理员【shbai】登录',1575429624),
(1809,1,'管理员【shbai】登录',1575429783),
(1810,1,'管理员【shbai】登录',1575431020),
(1811,1,'管理员【shbai】登录',1575431106),
(1812,1,'管理员【shbai】登录',1575431147),
(1813,1,'管理员【shbai】登录',1575431167),
(1814,1,'管理员【shbai】登录',1575431414),
(1815,1,'管理员【shbai】登录',1575431439),
(1816,1,'管理员【shbai】登录',1575431490),
(1817,1,'管理员【shbai】登录',1575431619),
(1818,1,'管理员【shbai】登录',1575431745),
(1819,1,'管理员【shbai】登录',1575431927),
(1820,1,'管理员【shbai】登录',1575432460),
(1821,1,'管理员【shbai】登录',1575432520),
(1822,1,'管理员【shbai】登录',1575432550),
(1823,1,'管理员【shbai】登录',1575432728),
(1824,1,'管理员【shbai】登录',1575432774),
(1825,1,'管理员【shbai】登录',1575432810),
(1826,1,'管理员【shbai】登录',1575432940),
(1827,1,'管理员【shbai】登录',1575433201),
(1828,1,'管理员【shbai】登录',1575434167),
(1829,1,'管理员【shbai】登录',1575434199),
(1830,1,'管理员【shbai】登录',1575434306),
(1831,1,'管理员【shbai】登录',1575434409),
(1832,1,'管理员【shbai】登录',1575434496),
(1833,1,'管理员【shbai】登录',1575434527),
(1834,1,'管理员【shbai】登录',1575434634),
(1835,1,'删除排班日程【2019-12-02 02:02:03】',1575434760),
(1836,1,'删除排班日程【2019-12-02 02:02:03】',1575434861),
(1837,1,'管理员【shbai】登录',1575437187),
(1838,1,'管理员【shbai】登录',1575437323),
(1839,1,'管理员【shbai】登录',1575437701),
(1840,1,'管理员【shbai】登录',1575437814),
(1841,1,'管理员【shbai】登录',1575441661),
(1842,1,'管理员【shbai】登录',1575441822),
(1843,1,'管理员【shbai】登录',1575442255),
(1844,1,'删除排班日程【2019-12-02 02:02:03】',1575442262),
(1845,1,'管理员【shbai】登录',1575442313),
(1846,1,'管理员【shbai】登录',1575442504),
(1847,1,'管理员【shbai】登录',1575442889),
(1848,1,'删除排班日程【2019-12-02 02:02:03】',1575442893),
(1849,1,'删除排班日程【2019-12-02 02:02:03】',1575442894),
(1850,1,'删除排班日程【2019-12-02 00:00:00】',1575443005),
(1851,1,'管理员【shbai】登录',1575443178),
(1852,1,'删除排班日程【2019-12-02 00:00:00】',1575443271),
(1853,1,'删除排班日程【2019-12-02 00:00:00】',1575443272),
(1854,1,'管理员【shbai】登录',1575443295),
(1855,1,'删除排班日程【2019-12-02 00:00:00】',1575443299),
(1856,1,'管理员【shbai】登录',1575443359),
(1857,1,'删除排班日程【2019-12-02 00:00:00】',1575443389),
(1858,1,'管理员【shbai】登录',1575443421),
(1859,1,'删除排班日程【2019-12-02 00:00:00】',1575443425),
(1860,1,'管理员【shbai】登录',1575443536),
(1861,1,'删除排班日程【2019-12-02 00:00:00】',1575443543),
(1862,1,'删除排班日程【2019-12-02 00:00:00】',1575443545),
(1863,1,'删除排班日程【2019-12-02 00:00:00】',1575443546),
(1864,1,'管理员【shbai】登录',1575443677),
(1865,1,'删除排班日程【2019-12-02 00:00:00】',1575443683),
(1866,1,'管理员【shbai】登录',1575443724),
(1867,1,'管理员【shbai】登录',1575444546),
(1868,1,'管理员【shbai】登录',1575445611),
(1869,1,'管理员【shbai】登录',1575445981),
(1870,1,'管理员【shbai】登录',1575446286),
(1871,1,'删除排班日程【2019-12-02 00:00:00】',1575446293),
(1872,1,'管理员【shbai】登录',1575446381),
(1873,1,'管理员【shbai】登录',1575446518),
(1874,1,'管理员【shbai】登录',1575446797),
(1875,1,'管理员【shbai】登录',1575446882),
(1876,1,'管理员【shbai】登录',1575446937),
(1877,1,'管理员【shbai】登录',1575447022),
(1878,1,'管理员【shbai】登录',1575447061),
(1879,1,'管理员【shbai】登录',1575447878),
(1880,1,'管理员【shbai】登录',1575450005),
(1881,1,'管理员【shbai】登录',1575453947),
(1882,1,'删除排班日程【test】【上行】【2019-12-02 00:00:00】【啊啊啊】',1575453953),
(1883,1,'删除排班日程【test】【上行】【2019-12-02 00:00:00】【哦哦哦】',1575453956),
(1884,1,'删除排班日程【test】【下行】【2019-12-02 00:04:00】【喂喂喂】',1575453958),
(1885,1,'删除排班日程【test】【下行】【2019-12-02 04:02:00】【啊啊啊】',1575453960),
(1886,1,'增加排班日程【test】【上行】【2019-12-02 00:00:00】【121310】',1575453969),
(1887,1,'管理员【shbai】登录',1575454140),
(1888,1,'管理员【shbai】登录',1575454331),
(1889,1,'管理员【shbai】登录',1575454733),
(1890,1,'管理员【shbai】登录',1575454894),
(1891,1,'管理员【shbai】登录',1575455054),
(1892,1,'管理员【shbai】登录',1575455262),
(1893,1,'管理员【shbai】登录',1575455333),
(1894,1,'管理员【shbai】登录',1575455530),
(1895,1,'管理员【shbai】登录',1575455589),
(1896,1,'管理员【shbai】登录',1575455704),
(1897,1,'管理员【shbai】登录',1575458804),
(1898,1,'管理员【shbai】登录',1575458865),
(1899,1,'管理员【shbai】登录',1575528340),
(1900,1,'管理员【shbai】登录',1575530690),
(1901,1,'管理员【shbai】登录',1575531143),
(1902,1,'管理员【shbai】登录',1575531455),
(1903,1,'管理员【shbai】登录',1575532031),
(1904,1,'管理员【shbai】登录',1575532211),
(1905,1,'管理员【shbai】登录',1575532325),
(1906,1,'增加排班日程【test】【上行】【2019-12-02 02:00:00】【3232】【132】',1575534581),
(1907,1,'管理员【shbai】登录',1575535465),
(1908,1,'删除排班日程【test】【上行】【2019-12-02 00:00:00】【哦哦哦】',1575535469),
(1909,1,'管理员【shbai】登录',1575535737),
(1910,1,'管理员【shbai】登录',1575537522),
(1911,1,'管理员【shbai】登录',1575538424),
(1912,1,'管理员【shbai】登录',1575539114),
(1913,1,'管理员【shbai】登录',1575539483),
(1914,1,'管理员【shbai】登录',1575540173),
(1915,1,'删除排班日程【test】【上行】【2019-12-02 00:00:00】【哦哦哦】',1575540522),
(1916,1,'删除排班日程【test】【下行】【2019-12-02 00:04:00】【哦哦哦】',1575540524),
(1917,1,'管理员【shbai】登录',1575540796),
(1918,1,'管理员【shbai】登录',1575596261),
(1919,1,'增加排班日程【test】【下行】【2019-12-02 00:03:03】【1222w】【2】',1575596300),
(1920,1,'增加排班日程【test】【下行】【2019-12-02 00:02:02】【1222w】【12】',1575596382),
(1921,1,'管理员【shbai】登录',1575596542),
(1922,1,'管理员【shbai】登录',1575596636),
(1923,1,'管理员【shbai】登录',1575596832),
(1924,1,'管理员【shbai】登录',1575596969),
(1925,1,'管理员【shbai】登录',1575597161),
(1926,1,'管理员【shbai】登录',1575597808),
(1927,1,'管理员【shbai】登录',1575597909),
(1928,1,'管理员【shbai】登录',1575598001),
(1929,1,'管理员【shbai】登录',1575598168),
(1930,1,'管理员【shbai】登录',1575598240),
(1931,1,'管理员【shbai】登录',1575598522),
(1932,1,'管理员【shbai】登录',1575598736),
(1933,1,'增加排班日程【test】【上行】【2019-12-02 00:02:03】【1222w】【12】',1575598745),
(1934,1,'管理员【shbai】登录',1575599019),
(1935,1,'管理员【shbai】登录',1575599034),
(1936,1,'管理员【shbai】登录',1575599092),
(1937,1,'管理员【shbai】登录',1575599142),
(1938,1,'管理员【shbai】登录',1575599439),
(1939,1,'管理员【shbai】登录',1575601982),
(1940,1,'管理员【shbai】登录',1575602325),
(1941,1,'管理员【shbai】登录',1575602517),
(1942,1,'管理员【shbai】登录',1575603189),
(1943,1,'管理员【shbai】登录',1575603317),
(1944,1,'管理员【shbai】登录',1575603372),
(1945,1,'管理员【shbai】登录',1575603503),
(1946,1,'管理员【shbai】登录',1575603622),
(1947,1,'管理员【shbai】登录',1575603911),
(1948,1,'管理员【shbai】登录',1575604026),
(1949,1,'管理员【shbai】登录',1575604277),
(1950,1,'管理员【shbai】登录',1575613057),
(1951,1,'管理员【shbai】登录',1575614348),
(1952,1,'管理员【shbai】登录',1575616142),
(1953,1,'管理员【shbai】登录',1575616462),
(1954,1,'管理员【shbai】登录',1575616760),
(1955,1,'管理员【shbai】登录',1575616863),
(1956,1,'管理员【shbai】登录',1575617029),
(1957,1,'管理员【shbai】登录',1575617167),
(1958,1,'管理员【shbai】登录',1575617424),
(1959,1,'管理员【shbai】登录',1575617532),
(1960,1,'管理员【shbai】登录',1575617575),
(1961,1,'管理员【shbai】登录',1575617707),
(1962,1,'管理员【shbai】登录',1575617757),
(1963,1,'管理员【shbai】登录',1575617949),
(1964,1,'删除排班日程【test】【下行】【2019-12-02 00:02:02】【1222w】',1575618018),
(1965,1,'管理员【shbai】登录',1575618222),
(1966,1,'管理员【shbai】登录',1575618336),
(1967,1,'管理员【shbai】登录',1575618567),
(1968,1,'管理员【shbai】登录',1575618825),
(1969,1,'管理员【shbai】登录',1575619050),
(1970,1,'管理员【shbai】登录',1575619167),
(1971,1,'管理员【shbai】登录',1575619259),
(1972,1,'管理员【shbai】登录',1575619296),
(1973,1,'管理员【shbai】登录',1575619972),
(1974,1,'管理员【shbai】登录',1575620659),
(1975,1,'管理员【shbai】登录',1575621283),
(1976,1,'管理员【shbai】登录',1575621756),
(1977,1,'管理员【shbai】登录',1575622324),
(1978,1,'管理员【shbai】登录',1575622912),
(1979,1,'管理员【shbai】登录',1575624302),
(1980,1,'管理员【shbai】登录',1575624553),
(1981,1,'管理员【shbai】登录',1575624619),
(1982,1,'管理员【shbai】登录',1575624860),
(1983,1,'管理员【shbai】登录',1575625700),
(1984,1,'管理员【shbai】登录',1575625762),
(1985,1,'管理员【shbai】登录',1575625924),
(1986,1,'增加排班日程【test】【下行】【2019-12-02 00:02:03】【3232】【ssssssssss】',1575625935),
(1987,1,'增加排班日程【test】【上行】【2019-12-02 00:01:01】【12】【3333333333】',1575626039),
(1988,1,'增加排班日程【test】【上行】【2019-12-04 00:01:00】【12】【ssssssssss】',1575626101),
(1989,1,'增加排班日程【test】【上行】【2019-12-04 00:01:00】【121310】【ww】',1575626111),
(1990,1,'增加排班日程【test】【上行】【2019-12-02 00:02:00】【121310】【ww】',1575626138),
(1991,1,'增加排班日程【test】【上行】【2019-12-02 00:04:03】【121310】【132】',1575626147),
(1992,1,'删除排班日程【test】【上行】【2019-12-02 02:00:00】【3232】',1575626409),
(1993,1,'删除排班日程【test】【上行】【2019-12-02 00:04:03】【121310】',1575626410),
(1994,1,'编辑排班日程【null】【上行】【2019-12-02 00:01:01】【null】【3333333333】',1575626642),
(1995,1,'管理员【shbai】登录',1575626793),
(1996,1,'增加排班日程【test】【下行】【2019-12-04 03:01:00】【12】【132】',1575627183),
(1997,1,'编辑排班日程【null】【下行】【2019-12-02 04:02:00】【null】【3333333333】',1575628549),
(1998,1,'管理员【shbai】登录',1575631328),
(1999,1,'管理员【shbai】登录',1575632532),
(2000,1,'增加排班日程【test】【上行】【2019-12-02 20:02:00】【哦哦哦】【ww】',1575632584),
(2001,1,'编辑排班日程【test】【上行】【2019-12-02 20:02:00】【哦哦哦】【ww】',1575632600),
(2002,1,'编辑排班日程【test】【上行】【2019-12-02 20:02:00】【3232】【ww】',1575632608),
(2003,1,'编辑排班日程【test】【上行】【2019-12-02 20:02:00】【3232】【ww】',1575632657),
(2004,1,'编辑排班日程【test】【上行】【2019-12-02 20:02:00】【3232】【ww】',1575632663),
(2005,1,'编辑排班日程【test】【下行】【2019-12-02 04:02:00】【3232】【ssssssssss】',1575632682),
(2006,1,'管理员【shbai】登录',1575632943),
(2007,1,'编辑排班日程【test】【上行】【2019-12-02 20:02:00】【3232】【ww】',1575632953),
(2008,1,'编辑排班日程【test】【上行】【2019-12-02 20:02:00】【哦哦哦】【ssssssssss】',1575632958),
(2009,1,'编辑排班日程【test】【下行】【2019-12-02 04:02:00】【3232】【ssssssssss】',1575632995),
(2010,1,'增加排班日程【2】【上行】【2019-12-02 01:01:00】【哦哦哦】【ssssssssss】',1575633056),
(2011,1,'增加排班日程【2】【上行】【2019-12-02 00:01:01】【1222w】【132】',1575633147),
(2012,1,'编辑排班日程【2】【上行】【2019-12-02 00:01:01】【1222w】【132】',1575633162),
(2013,1,'增加排班日程【2】【上行】【2019-12-02 00:01:01】【121310】【132】',1575633178),
(2014,1,'管理员【shbai】登录',1575854765),
(2015,1,'管理员【shbai】登录',1575854979),
(2016,1,'增加排班日程【test】【上行】【2019-12-09 02:02:02】【12】【3333333333】',1575855001),
(2017,1,'增加排班日程【test】【下行】【2019-12-09 00:02:02】【12】【3333333333】',1575855010),
(2018,1,'增加排班日程【test】【上行】【2019-12-09 02:02:04】【12】【12】',1575855020),
(2019,1,'增加排班日程【test】【下行】【2019-12-09 00:02:02】【33】【2】',1575855048),
(2020,1,'管理员【shbai】登录',1575855119),
(2021,1,'增加排班日程【test】【下行】【2019-12-09 00:02:02】【121310】【ww】',1575855131),
(2022,1,'删除排班日程【test】【下行】【2019-12-09 00:02:02】【12】',1575855134),
(2023,1,'编辑排班日程【test】【下行】【2019-12-09 00:02:02】【121310】【ww】',1575855139),
(2024,1,'管理员【shbai】登录',1575857619),
(2025,1,'管理员【shbai】登录',1575858976),
(2026,1,'管理员【shbai】登录',1575859810),
(2027,1,'管理员【shbai】登录',1575860626),
(2028,1,'管理员【shbai】登录',1575860724),
(2029,1,'管理员【shbai】登录',1575860831),
(2030,1,'管理员【shbai】登录',1575861481),
(2031,1,'管理员【shbai】登录',1575861882),
(2032,1,'管理员【shbai】登录',1575866928),
(2033,1,'删除排班日程【test】【上行】【2019-12-09 02:02:02】【12】',1575866934),
(2034,1,'管理员【shbai】登录',1575867001),
(2035,1,'管理员【shbai】登录',1575867240),
(2036,1,'管理员【shbai】登录',1575867398),
(2037,1,'管理员【shbai】登录',1575867546),
(2038,1,'管理员【shbai】登录',1575867610),
(2039,1,'管理员【shbai】登录',1575872675),
(2040,1,'管理员【shbai】登录',1575872764),
(2041,1,'管理员【shbai】登录',1575872981),
(2042,1,'管理员【shbai】登录',1575873047),
(2043,1,'管理员【shbai】登录',1575873139),
(2044,1,'管理员【shbai】登录',1575873178),
(2045,1,'管理员【shbai】登录',1575873242),
(2046,1,'管理员【shbai】登录',1575873274),
(2047,1,'管理员【shbai】登录',1575873460),
(2048,1,'编辑排班日程【test】【上行】【2019-12-09 02:02:04】【12】【12】',1575873466),
(2049,1,'管理员【shbai】登录',1575873589),
(2050,1,'管理员【shbai】登录',1575875362),
(2051,1,'管理员【shbai】登录',1575875519),
(2052,1,'管理员【shbai】登录',1575875627),
(2053,1,'管理员【shbai】登录',1575875966),
(2054,1,'管理员【shbai】登录',1575876102),
(2055,1,'增加排班日程【test】【上行】【2019-12-09 08:03:10】【12】【3333333333】',1575876113),
(2056,1,'管理员【shbai】登录',1575876200),
(2057,1,'管理员【shbai】登录',1575876238),
(2058,1,'管理员【shbai】登录',1575876518),
(2059,1,'管理员【shbai】登录',1575877131),
(2060,1,'管理员【shbai】登录',1575877162),
(2061,1,'编辑排班日程【test】【上行】【2019-12-09 02:02:04】【12】【12】',1575877169),
(2062,1,'管理员【shbai】登录',1575877342),
(2063,1,'管理员【shbai】登录',1575877523),
(2064,1,'管理员【shbai】登录',1575877754),
(2065,1,'编辑排班日程【test】【上行】【2019-12-09 02:02:04】【1222w】【2】',1575878080),
(2066,1,'管理员【shbai】登录',1575878339),
(2067,1,'管理员【shbai】登录',1575878523),
(2068,1,'管理员【shbai】登录',1575878726),
(2069,1,'管理员【shbai】登录',1575878871),
(2070,1,'管理员【shbai】登录',1575879499),
(2071,1,'管理员【shbai】登录',1575880990),
(2072,1,'添加失物招领【2019-12-09 16:43:58】',1575881038),
(2073,1,'添加失物招领【2019-12-09 16:44:27】',1575881067),
(2074,1,'编辑【shbai】于【2019-12-09 16:43:58】发布的失物招领',1575883130),
(2075,1,'编辑【shbai】于【2019-12-09 16:43:58】发布的失物招领',1575883275),
(2076,1,'管理员【shbai】登录',1575884636),
(2077,1,'管理员【shbai】登录',1575944784),
(2078,1,'管理员【shbai】登录',1575947482),
(2079,1,'管理员【shbai】登录',1575947894),
(2080,1,'管理员【shbai】登录',1575948035),
(2081,1,'删除【shbai】于【2019-11-19 10:19:15】发布的失物招领',1575949213),
(2082,1,'添加失物招领【2019-12-10 11:40:30】',1575949230),
(2083,1,'管理员【shbai】登录',1575949324),
(2084,1,'管理员【shbai】登录',1575949421),
(2085,1,'管理员【shbai】登录',1575949852),
(2086,1,'添加失物招领【2019-12-10 11:58:09】',1575950289),
(2087,1,'管理员【shbai】登录',1575950403),
(2088,1,'管理员【shbai】登录',1575950923),
(2089,1,'添加公告内容【2019-12-10 12:08:57】',1575950937),
(2090,1,'管理员【shbai】登录',1575950974),
(2091,1,'管理员【shbai】登录',1575951009),
(2092,1,'管理员【shbai】登录',1575951167),
(2093,1,'管理员【shbai】登录',1575951685),
(2094,1,'编辑【shbai】于【2019-11-19 10:19:15】发布的通知公告',1575951691),
(2095,1,'管理员【shbai】登录',1575959545),
(2096,1,'管理员【shbai】登录',1575961766),
(2097,1,'管理员【shbai】登录',1575964370),
(2098,1,'管理员【shbai】登录',1575969185),
(2099,1,'编辑【shbai】于【2019-12-10 12:08:57】发布的通知公告',1575969200),
(2100,1,'编辑【shbai】于【2019-12-10 12:08:57】发布的通知公告',1575969313),
(2101,1,'管理员【shbai】登录',1575970009),
(2102,1,'管理员【shbai】登录',1575970093),
(2103,1,'管理员【shbai】登录',1575970468),
(2104,1,'管理员【shbai】登录',1575970796),
(2105,1,'管理员【shbai】登录',1575970867),
(2106,1,'管理员【shbai】登录',1576027270),
(2107,1,'管理员【shbai】登录',1576029681),
(2108,1,'管理员【shbai】登录',1576029905),
(2109,1,'管理员【shbai】登录',1576029930),
(2110,1,'管理员【shbai】登录',1576029993),
(2111,1,'管理员【shbai】登录',1576030102),
(2112,1,'管理员【shbai】登录',1576030131),
(2113,1,'管理员【shbai】登录',1576030169),
(2114,1,'管理员【shbai】登录',1576030207),
(2115,1,'管理员【shbai】登录',1576030243),
(2116,1,'管理员【shbai】登录',1576030312),
(2117,1,'管理员【shbai】登录',1576030352),
(2118,1,'管理员【shbai】登录',1576030530),
(2119,1,'管理员【shbai】登录',1576030575),
(2120,1,'管理员【shbai】登录',1576030641),
(2121,1,'管理员【shbai】登录',1576030681),
(2122,1,'管理员【shbai】登录',1576030805),
(2123,1,'管理员【shbai】登录',1576030909),
(2124,1,'管理员【shbai】登录',1576031045),
(2125,1,'管理员【shbai】登录',1576031068),
(2126,1,'管理员【shbai】登录',1576031244),
(2127,1,'管理员【shbai】登录',1576031555),
(2128,1,'编辑车辆【1222w】',1576031783),
(2129,1,'管理员【shbai】登录',1576032375),
(2130,1,'管理员【shbai】登录',1576032565),
(2131,1,'管理员【shbai】登录',1576033420),
(2132,1,'管理员【shbai】登录',1576033487),
(2133,1,'管理员【shbai】登录',1576033520),
(2134,1,'管理员【shbai】登录',1576033689),
(2135,1,'管理员【shbai】登录',1576033943),
(2136,1,'管理员【shbai】登录',1576034054),
(2137,1,'管理员【shbai】登录',1576034180),
(2138,1,'管理员【shbai】登录',1576034342),
(2139,1,'管理员【shbai】登录',1576035273),
(2140,1,'管理员【shbai】登录',1576035948),
(2141,1,'管理员【shbai】登录',1576037518),
(2142,1,'管理员【shbai】登录',1576037595),
(2143,1,'管理员【shbai】登录',1576037637),
(2144,1,'管理员【shbai】登录',1576037794),
(2145,1,'管理员【shbai】登录',1576037861),
(2146,1,'管理员【shbai】登录',1576037914),
(2147,1,'管理员【shbai】登录',1576038176),
(2148,1,'管理员【shbai】登录',1576044646),
(2149,1,'管理员【shbai】登录',1576045040),
(2150,1,'管理员【shbai】登录',1576046807),
(2151,1,'管理员【shbai】登录',1576047059),
(2152,1,'管理员【shbai】登录',1576051171),
(2153,1,'管理员【shbai】登录',1576051233),
(2154,1,'管理员【shbai】登录',1576051259),
(2155,1,'管理员【shbai】登录',1576051742),
(2156,1,'管理员【shbai】登录',1576132121),
(2157,1,'管理员【shbai】登录',1576132179),
(2158,1,'管理员【shbai】登录',1576132418),
(2159,1,'管理员【shbai】登录',1576132514),
(2160,1,'管理员【shbai】登录',1576133317),
(2161,1,'管理员【shbai】登录',1576134207),
(2162,1,'管理员【shbai】登录',1576134328),
(2163,1,'管理员【shbai】登录',1576134424),
(2164,1,'管理员【shbai】登录',1576134436),
(2165,1,'管理员【shbai】登录',1576134490),
(2166,1,'管理员【shbai】登录',1576134531),
(2167,1,'管理员【shbai】登录',1576134546),
(2168,1,'管理员【shbai】登录',1576134556),
(2169,1,'管理员【shbai】登录',1576134605),
(2170,1,'管理员【shbai】登录',1576134626),
(2171,1,'管理员【shbai】登录',1576134670),
(2172,1,'管理员【shbai】登录',1576134690),
(2173,1,'管理员【shbai】登录',1576134977),
(2174,1,'管理员【shbai】登录',1576134997),
(2175,1,'管理员【shbai】登录',1576135066),
(2176,1,'管理员【shbai】登录',1576135577),
(2177,1,'管理员【shbai】登录',1576136488),
(2178,1,'管理员【shbai】登录',1576136628),
(2179,1,'管理员【shbai】登录',1576137798),
(2180,1,'编辑线路【2】',1576137814),
(2181,1,'管理员【shbai】登录',1576138420),
(2182,1,'管理员【shbai】登录',1576140121),
(2183,1,'管理员【shbai】登录',1576204854),
(2184,1,'管理员【shbai】登录',1576218488),
(2185,1,'管理员【shbai】登录',1576220152),
(2186,1,'管理员【shbai】登录',1576220233),
(2187,1,'管理员【shbai】登录',1576220956),
(2188,1,'管理员【shbai】登录',1576221044),
(2189,1,'管理员【shbai】登录',1576221090),
(2190,1,'管理员【shbai】登录',1576221117),
(2191,1,'管理员【shbai】登录',1576221183),
(2192,1,'管理员【shbai】登录',1576221267),
(2193,1,'管理员【shbai】登录',1576221282),
(2194,1,'管理员【shbai】登录',1576221860),
(2195,1,'管理员【shbai】登录',1576222515),
(2196,1,'管理员【shbai】登录',1576223039),
(2197,1,'管理员【shbai】登录',1576223541),
(2198,1,'管理员【shbai】登录',1576223711),
(2199,1,'管理员【shbai】登录',1576223778),
(2200,1,'管理员【shbai】登录',1576224129),
(2201,1,'管理员【shbai】登录',1576224699),
(2202,1,'管理员【shbai】登录',1576224747),
(2203,1,'管理员【shbai】登录',1576226433),
(2204,1,'管理员【shbai】登录',1576228395),
(2205,1,'管理员【shbai】登录',1576228460),
(2206,1,'管理员【shbai】登录',1576228507),
(2207,1,'管理员【shbai】登录',1576228576),
(2208,1,'管理员【shbai】登录',1576228604),
(2209,1,'删除班次【K232】',1576228915),
(2210,1,'管理员【shbai】登录',1576229236),
(2211,1,'管理员【shbai】登录',1576229319),
(2212,1,'管理员【shbai】登录',1576229339),
(2213,1,'管理员【shbai】登录',1576229503),
(2214,1,'管理员【shbai】登录',1576229628),
(2215,1,'管理员【shbai】登录',1576229741),
(2216,1,'管理员【shbai】登录',1576229804),
(2217,1,'管理员【shbai】登录',1576229820),
(2218,1,'管理员【shbai】登录',1576229913),
(2219,1,'管理员【shbai】登录',1576230965),
(2220,1,'管理员【shbai】登录',1576231863),
(2221,1,'管理员【shbai】登录',1576232104),
(2222,1,'管理员【shbai】登录',1576459565),
(2223,1,'管理员【shbai】登录',1576459649),
(2224,1,'管理员【shbai】登录',1576459679),
(2225,1,'管理员【shbai】登录',1576459907),
(2226,1,'管理员【shbai】登录',1576459939),
(2227,1,'管理员【shbai】登录',1576459986),
(2228,1,'管理员【shbai】登录',1576460018),
(2229,1,'管理员【shbai】登录',1576460166),
(2230,1,'管理员【shbai】登录',1576460514),
(2231,1,'管理员【shbai】登录',1576460538),
(2232,1,'管理员【shbai】登录',1576460712),
(2233,1,'管理员【shbai】登录',1576460918),
(2234,1,'管理员【shbai】登录',1576461234),
(2235,1,'管理员【shbai】登录',1576461273),
(2236,1,'管理员【shbai】登录',1576461328),
(2237,1,'管理员【shbai】登录',1576461514),
(2238,1,'管理员【shbai】登录',1576461573),
(2239,1,'管理员【shbai】登录',1576461825),
(2240,1,'管理员【shbai】登录',1576461897),
(2241,1,'管理员【shbai】登录',1576461957),
(2242,1,'管理员【shbai】登录',1576462044),
(2243,1,'管理员【shbai】登录',1576462086),
(2244,1,'管理员【shbai】登录',1576462142),
(2245,1,'管理员【shbai】登录',1576462250),
(2246,1,'管理员【shbai】登录',1576462294),
(2247,1,'管理员【shbai】登录',1576462417),
(2248,1,'管理员【shbai】登录',1576462533),
(2249,1,'管理员【shbai】登录',1576462746),
(2250,1,'管理员【shbai】登录',1576462946),
(2251,1,'管理员【shbai】登录',1576463174),
(2252,1,'管理员【shbai】登录',1576463205),
(2253,1,'管理员【shbai】登录',1576463700),
(2254,1,'管理员【shbai】登录',1576463728),
(2255,1,'管理员【shbai】登录',1576463836),
(2256,1,'管理员【shbai】登录',1576464286),
(2257,1,'管理员【shbai】登录',1576464826),
(2258,1,'管理员【shbai】登录',1576464941),
(2259,1,'管理员【shbai】登录',1576464997),
(2260,1,'管理员【shbai】登录',1576465117),
(2261,1,'管理员【shbai】登录',1576465137),
(2262,1,'管理员【shbai】登录',1576465198),
(2263,1,'管理员【shbai】登录',1576465329),
(2264,1,'管理员【shbai】登录',1576465680),
(2265,1,'管理员【shbai】登录',1576465733),
(2266,1,'管理员【shbai】登录',1576465771),
(2267,1,'管理员【shbai】登录',1576465939),
(2268,1,'管理员【shbai】登录',1576465996),
(2269,1,'管理员【shbai】登录',1576466014),
(2270,1,'管理员【shbai】登录',1576467245),
(2271,1,'管理员【shbai】登录',1576468134),
(2272,1,'管理员【shbai】登录',1576468244),
(2273,1,'管理员【shbai】登录',1576468816),
(2274,1,'管理员【shbai】登录',1576468921),
(2275,1,'管理员【shbai】登录',1576469042),
(2276,1,'管理员【shbai】登录',1576469219),
(2277,1,'管理员【shbai】登录',1576469498),
(2278,1,'管理员【shbai】登录',1576470211),
(2279,1,'管理员【shbai】登录',1576470882),
(2280,1,'管理员【shbai】登录',1576471044),
(2281,1,'管理员【shbai】登录',1576471124),
(2282,1,'管理员【shbai】登录',1576471180),
(2283,1,'删除班次【a】',1576471183),
(2284,1,'删除班次【aa】',1576471186),
(2285,1,'删除班次【K232】',1576471192),
(2286,1,'管理员【shbai】登录',1576477816),
(2287,1,'管理员【shbai】登录',1576477912),
(2288,1,'管理员【shbai】登录',1576478027),
(2289,1,'管理员【shbai】登录',1576478109),
(2290,1,'管理员【shbai】登录',1576478405),
(2291,1,'管理员【shbai】登录',1576478710),
(2292,1,'管理员【shbai】登录',1576479348),
(2293,1,'管理员【shbai】登录',1576479386),
(2294,1,'管理员【shbai】登录',1576479469),
(2295,1,'管理员【shbai】登录',1576479991),
(2296,1,'管理员【shbai】登录',1576480072),
(2297,1,'管理员【shbai】登录',1576480112),
(2298,1,'管理员【shbai】登录',1576480190),
(2299,1,'管理员【shbai】登录',1576480218),
(2300,1,'管理员【shbai】登录',1576480465),
(2301,1,'管理员【shbai】登录',1576480519),
(2302,1,'管理员【shbai】登录',1576480529),
(2303,1,'管理员【shbai】登录',1576480554),
(2304,1,'管理员【shbai】登录',1576480620),
(2305,1,'删除班次【dasdasd】',1576480762),
(2306,1,'删除班次【dasd】',1576480772),
(2307,1,'管理员【shbai】登录',1576480827),
(2308,1,'删除班次【baa】',1576480830),
(2309,1,'管理员【shbai】登录',1576480890),
(2310,1,'删除班次【k2323】',1576480893),
(2311,1,'删除班次【sad】',1576480921),
(2312,1,'删除班次【sadasd】',1576480978),
(2313,1,'删除班次【sda】',1576480992),
(2314,1,'删除班次【sasasasa】',1576481188),
(2315,1,'删除班次【asdas】',1576481245),
(2316,1,'删除班次【sasa】',1576481365),
(2317,1,'删除班次【dsada】',1576481393),
(2318,1,'删除班次【sasa】',1576481476),
(2319,1,'删除班次【sasasss】',1576481480),
(2320,1,'删除班次【dsadsa】',1576481629),
(2321,1,'删除班次【assa】',1576481660),
(2322,1,'删除班次【2323dsa】',1576481669),
(2323,1,'删除班次【sasa】',1576481768),
(2324,1,'删除班次【sasa】',1576481789),
(2325,1,'删除班次【ss】',1576481888),
(2326,1,'管理员【shbai】登录',1576482191),
(2327,1,'管理员【shbai】登录',1576482330),
(2328,1,'管理员【shbai】登录',1576482379),
(2329,1,'管理员【shbai】登录',1576482422),
(2330,1,'管理员【shbai】登录',1576482773),
(2331,1,'删除班次【sasasa】',1576483088),
(2332,1,'管理员【shbai】登录',1576483134),
(2333,1,'删除班次【22】',1576483183),
(2334,1,'删除班次【sada】',1576483251),
(2335,1,'删除班次【dsad】',1576483306),
(2336,1,'删除班次【saassa】',1576483503),
(2337,1,'删除【shbai】于【2019-12-10 11:58:09】发布的失物招领',1576483637),
(2338,1,'删除班次【assa】',1576483701),
(2339,1,'删除班次【aaaa】',1576483800),
(2340,1,'管理员【shbai】登录',1576483880),
(2341,1,'管理员【shbai】登录',1576484565),
(2342,1,'管理员【shbai】登录',1576485054),
(2343,1,'管理员【shbai】登录',1576485097),
(2344,1,'管理员【shbai】登录',1576485520),
(2345,1,'管理员【shbai】登录',1576485549),
(2346,1,'管理员【shbai】登录',1576485603),
(2347,1,'管理员【shbai】登录',1576485770),
(2348,1,'管理员【shbai】登录',1576485974),
(2349,1,'管理员【shbai】登录',1576487404),
(2350,1,'管理员【shbai】登录',1576489625),
(2351,1,'管理员【shbai】登录',1576490145),
(2352,1,'管理员【shbai】登录',1576490324),
(2353,1,'管理员【shbai】登录',1576491348),
(2354,1,'管理员【shbai】登录',1576491579),
(2355,1,'管理员【shbai】登录',1576491796),
(2356,1,'管理员【shbai】登录',1576491987),
(2357,1,'管理员【shbai】登录',1576492283),
(2358,1,'管理员【shbai】登录',1576492725),
(2359,1,'管理员【shbai】登录',1576494523),
(2360,1,'管理员【shbai】登录',1576494596),
(2361,1,'管理员【shbai】登录',1576495543),
(2362,1,'管理员【shbai】登录',1576495725),
(2363,1,'管理员【shbai】登录',1576495959),
(2364,1,'管理员【shbai】登录',1576495982),
(2365,1,'管理员【shbai】登录',1576496181),
(2366,1,'管理员【shbai】登录',1576546650),
(2367,1,'管理员【shbai】登录',1576548717),
(2368,1,'管理员【shbai】登录',1576549385),
(2369,1,'管理员【shbai】登录',1576550286),
(2370,1,'管理员【shbai】登录',1576550296),
(2371,1,'管理员【shbai】登录',1576550330),
(2372,1,'管理员【shbai】登录',1576550546),
(2373,1,'管理员【shbai】登录',1576550680),
(2374,1,'管理员【shbai】登录',1576550727),
(2375,1,'管理员【shbai】登录',1576550762),
(2376,1,'管理员【shbai】登录',1576550882),
(2377,1,'管理员【shbai】登录',1576550909),
(2378,1,'管理员【shbai】登录',1576550931),
(2379,1,'管理员【shbai】登录',1576551003),
(2380,1,'管理员【shbai】登录',1576551044),
(2381,1,'管理员【shbai】登录',1576551160),
(2382,1,'管理员【shbai】登录',1576551625),
(2383,1,'管理员【shbai】登录',1576551665),
(2384,1,'管理员【shbai】登录',1576551856),
(2385,1,'管理员【shbai】登录',1576552101),
(2386,1,'管理员【shbai】登录',1576553152),
(2387,1,'管理员【shbai】登录',1576553451),
(2388,1,'管理员【shbai】登录',1576553559),
(2389,1,'管理员【shbai】登录',1576553687),
(2390,1,'管理员【shbai】登录',1576555953),
(2391,1,'管理员【shbai】登录',1576557234),
(2392,1,'管理员【shbai】登录',1576566398),
(2393,1,'管理员【shbai】登录',1576567407),
(2394,1,'管理员【shbai】登录',1576568501),
(2395,1,'管理员【shbai】登录',1576568574),
(2396,1,'管理员【shbai】登录',1576569456),
(2397,1,'管理员【shbai】登录',1576569843),
(2398,1,'管理员【shbai】登录',1576569938),
(2399,1,'管理员【shbai】登录',1576570033),
(2400,1,'管理员【shbai】登录',1576570099),
(2401,1,'管理员【shbai】登录',1576570298),
(2402,1,'管理员【shbai】登录',1576570466),
(2403,1,'管理员【shbai】登录',1576570564),
(2404,1,'管理员【shbai】登录',1576570863),
(2405,1,'管理员【shbai】登录',1576571838),
(2406,1,'管理员【shbai】登录',1576572018),
(2407,1,'管理员【shbai】登录',1576572407),
(2408,1,'管理员【shbai】登录',1576572469),
(2409,1,'管理员【shbai】登录',1576572697),
(2410,1,'管理员【shbai】登录',1576572787),
(2411,1,'管理员【shbai】登录',1576573207),
(2412,1,'管理员【shbai】登录',1576573423),
(2413,1,'管理员【shbai】登录',1576573470),
(2414,1,'管理员【shbai】登录',1576573629),
(2415,1,'管理员【shbai】登录',1576574155),
(2416,1,'管理员【shbai】登录',1576577117),
(2417,1,'管理员【shbai】登录',1576578956),
(2418,1,'管理员【shbai】登录',1576633362),
(2419,1,'管理员【shbai】登录',1576633505),
(2420,1,'管理员【shbai】登录',1576633881),
(2421,1,'管理员【shbai】登录',1576634263),
(2422,1,'管理员【shbai】登录',1576634872),
(2423,1,'管理员【shbai】登录',1576635048),
(2424,1,'管理员【shbai】登录',1576635501),
(2425,1,'管理员【shbai】登录',1576637667),
(2426,1,'管理员【shbai】登录',1576639110),
(2427,1,'管理员【shbai】登录',1576639134),
(2428,1,'管理员【shbai】登录',1576639226),
(2429,1,'管理员【shbai】登录',1576640246),
(2430,1,'管理员【shbai】登录',1576640739),
(2431,1,'管理员【shbai】登录',1576642114),
(2432,1,'管理员【shbai】登录',1576642147),
(2433,1,'管理员【shbai】登录',1576650893),
(2434,1,'管理员【shbai】登录',1576652094),
(2435,1,'管理员【shbai】登录',1576652354),
(2436,1,'管理员【shbai】登录',1576653119),
(2437,1,'管理员【shbai】登录',1576653154),
(2438,1,'管理员【shbai】登录',1576653246),
(2439,1,'管理员【shbai】登录',1576653311),
(2440,1,'管理员【shbai】登录',1576654041),
(2441,1,'管理员【shbai】登录',1576654496),
(2442,1,'管理员【shbai】登录',1576655097),
(2443,1,'删除运营计划【assasa】',1576655126),
(2444,1,'管理员【shbai】登录',1576655222),
(2445,1,'管理员【shbai】登录',1576658551),
(2446,1,'管理员【shbai】登录',1576658746),
(2447,1,'管理员【shbai】登录',1576658829),
(2448,1,'管理员【shbai】登录',1576658999),
(2449,1,'管理员【shbai】登录',1576659214),
(2450,1,'管理员【shbai】登录',1576659387),
(2451,1,'管理员【shbai】登录',1576659518),
(2452,1,'管理员【shbai】登录',1576659579),
(2453,1,'管理员【shbai】登录',1576659626),
(2454,1,'管理员【shbai】登录',1576659685),
(2455,1,'管理员【shbai】登录',1576659747),
(2456,1,'管理员【shbai】登录',1576659899),
(2457,1,'管理员【shbai】登录',1576659959),
(2458,1,'管理员【shbai】登录',1576660138),
(2459,1,'管理员【shbai】登录',1576660363),
(2460,1,'管理员【shbai】登录',1576660476),
(2461,1,'管理员【shbai】登录',1576661050),
(2462,1,'管理员【shbai】登录',1576661171),
(2463,1,'管理员【shbai】登录',1576661269),
(2464,1,'管理员【shbai】登录',1576661418),
(2465,1,'管理员【shbai】登录',1576661475),
(2466,1,'管理员【shbai】登录',1576661688),
(2467,1,'管理员【shbai】登录',1576661842),
(2468,1,'管理员【shbai】登录',1576661936),
(2469,1,'管理员【shbai】登录',1576662057),
(2470,1,'管理员【shbai】登录',1576662254),
(2471,1,'管理员【shbai】登录',1576662844),
(2472,1,'管理员【shbai】登录',1576662979),
(2473,1,'管理员【shbai】登录',1576663019),
(2474,1,'管理员【shbai】登录',1576663157),
(2475,1,'管理员【shbai】登录',1576663349),
(2476,1,'管理员【shbai】登录',1576663385),
(2477,1,'管理员【shbai】登录',1576663424),
(2478,1,'管理员【shbai】登录',1576663518),
(2479,1,'管理员【shbai】登录',1576663930),
(2480,1,'管理员【shbai】登录',1576664003),
(2481,1,'管理员【shbai】登录',1576719066),
(2482,1,'管理员【shbai】登录',1576719121),
(2483,1,'管理员【shbai】登录',1576719525),
(2484,1,'管理员【shbai】登录',1576720294),
(2485,1,'管理员【shbai】登录',1576723016),
(2486,1,'管理员【shbai】登录',1576723065),
(2487,1,'管理员【shbai】登录',1576723353),
(2488,1,'管理员【shbai】登录',1576723482),
(2489,1,'管理员【shbai】登录',1576723607),
(2490,1,'管理员【shbai】登录',1576723809),
(2491,1,'管理员【shbai】登录',1576723851),
(2492,1,'管理员【shbai】登录',1576723957),
(2493,1,'编辑【2019-12-19】的排班计划【1】',1576723983),
(2494,1,'管理员【shbai】登录',1576724312),
(2495,1,'管理员【shbai】登录',1576724907),
(2496,1,'管理员【shbai】登录',1576725113),
(2497,1,'管理员【shbai】登录',1576725233),
(2498,1,'管理员【shbai】登录',1576725279),
(2499,1,'管理员【shbai】登录',1576725448),
(2500,1,'管理员【shbai】登录',1576727630),
(2501,1,'管理员【shbai】登录',1576727689),
(2502,1,'管理员【shbai】登录',1576727837),
(2503,1,'管理员【shbai】登录',1576728628),
(2504,1,'管理员【shbai】登录',1576728654),
(2505,1,'管理员【shbai】登录',1576728688),
(2506,1,'管理员【shbai】登录',1576728884),
(2507,1,'管理员【shbai】登录',1576728927),
(2508,1,'管理员【shbai】登录',1576729175),
(2509,1,'管理员【shbai】登录',1576729300),
(2510,1,'管理员【shbai】登录',1576729566),
(2511,1,'管理员【shbai】登录',1576734730),
(2512,1,'管理员【shbai】登录',1576734742),
(2513,1,'添加【2019-12-27】的排班计划【as】',1576735385),
(2514,1,'管理员【shbai】登录',1576735533),
(2515,1,'管理员【shbai】登录',1576735659),
(2516,1,'管理员【shbai】登录',1576735730),
(2517,1,'管理员【shbai】登录',1576735834),
(2518,1,'管理员【shbai】登录',1576737658),
(2519,1,'删除【2019-12-23】的排班计划【3】',1576737694),
(2520,1,'删除【2019-12-23】的排班计划【1】',1576737696),
(2521,1,'删除【2019-12-23】的排班计划【a1】',1576737697),
(2522,1,'管理员【shbai】登录',1576737959),
(2523,1,'删除【2019-12-23】的排班计划【1】',1576737988),
(2524,1,'删除【2019-12-23】的排班计划【a1】',1576737990),
(2525,1,'管理员【shbai】登录',1576738179),
(2526,1,'删除【2019-12-23】的排班计划【1】',1576738192),
(2527,1,'管理员【shbai】登录',1576739862),
(2528,1,'删除【2019-12-23】的排班计划【assasa】',1576739895),
(2529,1,'删除【2019-12-23】的排班计划【3】',1576739897),
(2530,1,'删除【2019-12-23】的排班计划【1】',1576739898),
(2531,1,'删除【2019-12-23】的排班计划【a1】',1576739900),
(2532,1,'删除【2019-12-23】的排班计划【sa】',1576739902),
(2533,1,'删除【2019-12-23】的排班计划【3】',1576739955),
(2534,1,'删除【2019-12-23】的排班计划【1】',1576739957),
(2535,1,'删除【2019-12-23】的排班计划【a1】',1576739959),
(2536,1,'管理员【shbai】登录',1576740076),
(2537,1,'管理员【shbai】登录',1576740262),
(2538,1,'管理员【shbai】登录',1576740404),
(2539,1,'管理员【shbai】登录',1576740482),
(2540,1,'管理员【shbai】登录',1576740640),
(2541,1,'管理员【shbai】登录',1576741055),
(2542,1,'删除【2019-12-24】的排班计划【3】',1576741118),
(2543,1,'删除【2019-12-24】的排班计划【sda】',1576741121),
(2544,1,'管理员【shbai】登录',1576741244),
(2545,1,'管理员【shbai】登录',1576741588),
(2546,1,'管理员【shbai】登录',1576741674),
(2547,1,'管理员【shbai】登录',1576742214),
(2548,1,'管理员【shbai】登录',1576742681),
(2549,1,'管理员【shbai】登录',1576742813),
(2550,1,'管理员【shbai】登录',1576742918),
(2551,1,'管理员【shbai】登录',1576743080),
(2552,1,'管理员【shbai】登录',1576743121),
(2553,1,'管理员【shbai】登录',1576743230),
(2554,1,'管理员【shbai】登录',1576743280),
(2555,1,'管理员【shbai】登录',1576743428),
(2556,1,'管理员【shbai】登录',1576743700),
(2557,1,'管理员【shbai】登录',1576743866),
(2558,1,'管理员【shbai】登录',1576743923),
(2559,1,'管理员【shbai】登录',1576744095),
(2560,1,'管理员【shbai】登录',1576744151),
(2561,1,'管理员【shbai】登录',1576744242),
(2562,1,'管理员【shbai】登录',1576744379),
(2563,1,'管理员【shbai】登录',1576744488),
(2564,1,'管理员【shbai】登录',1576744601),
(2565,1,'管理员【shbai】登录',1576745052),
(2566,1,'管理员【shbai】登录',1576745883),
(2567,1,'拷贝【2020-01-01】的排班计划【3',1576745890),
(2568,1,'拷贝【2020-01-01】的排班计划【1',1576745890),
(2569,1,'拷贝【2020-01-01】的排班计划【a1',1576745890),
(2570,1,'管理员【shbai】登录',1576746013),
(2571,1,'删除【2019-12-23】的排班计划【3】',1576746051),
(2572,1,'删除【2019-12-23】的排班计划【1】',1576746053),
(2573,1,'删除【2019-12-23】的排班计划【a1】',1576746055),
(2574,1,'导入【2019-12-23】的排班计划【3】',1576746066),
(2575,1,'导入【2019-12-23】的排班计划【a1】',1576746066),
(2576,1,'管理员【shbai】登录',1576747582),
(2577,1,'管理员【shbai】登录',1576750990),
(2578,1,'管理员【shbai】登录',1576807953),
(2579,1,'管理员【shbai】登录',1576809196),
(2580,1,'管理员【shbai】登录',1576809798),
(2581,1,'管理员【shbai】登录',1576809840),
(2582,1,'管理员【shbai】登录',1576809920),
(2583,1,'管理员【shbai】登录',1576809966),
(2584,1,'管理员【shbai】登录',1576810195),
(2585,1,'管理员【shbai】登录',1576810265),
(2586,1,'管理员【shbai】登录',1576810403),
(2587,1,'发布【null】【null】班次的排班计划到排班日程中',1576810424),
(2588,1,'发布【null】【null】班次的排班计划到排班日程中',1576810462),
(2589,1,'管理员【shbai】登录',1576810660),
(2590,1,'管理员【shbai】登录',1576810697),
(2591,1,'管理员【shbai】登录',1576810727),
(2592,1,'管理员【shbai】登录',1576810755),
(2593,1,'管理员【shbai】登录',1576810795),
(2594,1,'管理员【shbai】登录',1576810840),
(2595,1,'管理员【shbai】登录',1576810888),
(2596,1,'发布【null】【null】班次的排班计划到排班日程中',1576810915),
(2597,1,'发布【null】【null】班次的排班计划到排班日程中',1576811024),
(2598,1,'发布【null】【null】班次的排班计划到排班日程中',1576811099),
(2599,1,'发布【null】【null】班次的排班计划到排班日程中',1576811129),
(2600,1,'发布【null】【null】班次的排班计划到排班日程中',1576811150),
(2601,1,'发布【null】【null】班次的排班计划到排班日程中',1576811150),
(2602,1,'管理员【shbai】登录',1576811242),
(2603,1,'管理员【shbai】登录',1576812400),
(2604,1,'管理员【shbai】登录',1576813534),
(2605,1,'管理员【shbai】登录',1576814482),
(2606,1,'管理员【shbai】登录',1576814891),
(2607,1,'管理员【shbai】登录',1576815454),
(2608,1,'管理员【shbai】登录',1576816136),
(2609,1,'管理员【shbai】登录',1576816415),
(2610,1,'管理员【shbai】登录',1576816462),
(2611,1,'管理员【shbai】登录',1576822707),
(2612,1,'管理员【shbai】登录',1576823491),
(2613,1,'管理员【shbai】登录',1576830080),
(2614,1,'管理员【shbai】登录',1576830109),
(2615,1,'管理员【shbai】登录',1576830156),
(2616,1,'管理员【shbai】登录',1576830408),
(2617,1,'管理员【shbai】登录',1576831396),
(2618,1,'管理员【shbai】登录',1576834120),
(2619,1,'管理员【shbai】登录',1576834420),
(2620,1,'管理员【shbai】登录',1576834574),
(2621,1,'管理员【shbai】登录',1576835414),
(2622,1,'管理员【shbai】登录',1576838588),
(2623,1,'管理员【shbai】登录',1577064153),
(2624,1,'管理员【shbai】登录',1577064726),
(2625,1,'管理员【shbai】登录',1577064949),
(2626,1,'管理员【shbai】登录',1577065003),
(2627,1,'管理员【shbai】登录',1577065307),
(2628,1,'管理员【shbai】登录',1577066644),
(2629,1,'管理员【shbai】登录',1577067095),
(2630,1,'管理员【shbai】登录',1577067739),
(2631,1,'管理员【shbai】登录',1577067776),
(2632,1,'管理员【shbai】登录',1577067850),
(2633,1,'管理员【shbai】登录',1577067942),
(2634,1,'管理员【shbai】登录',1577068016),
(2635,1,'编辑【2019-12-30】的排班计划【3】',1577068106),
(2636,1,'编辑【2019-12-30】的排班计划【a1】',1577068111),
(2637,1,'发布【null】【null】班次的排班计划到排班日程中',1577068115),
(2638,1,'发布【null】【null】班次的排班计划到排班日程中',1577068115),
(2639,1,'管理员【shbai】登录',1577068517),
(2640,1,'管理员【shbai】登录',1577068760),
(2641,1,'管理员【shbai】登录',1577068816),
(2642,1,'管理员【shbai】登录',1577068845),
(2643,1,'管理员【shbai】登录',1577072670),
(2644,1,'管理员【shbai】登录',1577072909),
(2645,1,'管理员【shbai】登录',1577073091),
(2646,1,'管理员【shbai】登录',1577073146),
(2647,1,'管理员【shbai】登录',1577073250),
(2648,1,'管理员【shbai】登录',1577073941),
(2649,1,'管理员【shbai】登录',1577074240),
(2650,1,'管理员【shbai】登录',1577074284),
(2651,1,'管理员【shbai】登录',1577074470),
(2652,1,'管理员【shbai】登录',1577074939),
(2653,1,'管理员【shbai】登录',1577075084),
(2654,1,'管理员【shbai】登录',1577076115),
(2655,1,'管理员【shbai】登录',1577082117),
(2656,1,'管理员【shbai】登录',1577082437),
(2657,1,'管理员【shbai】登录',1577082496),
(2658,1,'管理员【shbai】登录',1577082625),
(2659,1,'管理员【shbai】登录',1577089229),
(2660,1,'管理员【shbai】登录',1577089596),
(2661,1,'管理员【shbai】登录',1577091920),
(2662,1,'管理员【shbai】登录',1577092330),
(2663,1,'管理员【shbai】登录',1577092797),
(2664,1,'编辑【2019-12-30】的排班日程【3】',1577092802),
(2665,1,'编辑【2019-12-30】的排班日程【3】',1577092809),
(2666,1,'管理员【shbai】登录',1577092930),
(2667,1,'管理员【shbai】登录',1577093023),
(2668,1,'管理员【shbai】登录',1577093115),
(2669,1,'编辑【2019-12-30】的排班日程【3】',1577093120),
(2670,1,'编辑【2019-12-30】的排班日程【3】',1577093123),
(2671,1,'编辑【2019-12-30】的排班日程【3】',1577093127),
(2672,1,'编辑【2019-12-30】的排班日程【a1】',1577093134),
(2673,1,'添加【2019-12-30】的排班计划【adas】',1577093168),
(2674,1,'添加【2019-12-30】的排班计划【ad】',1577093215),
(2675,1,'管理员【shbai】登录',1577093540),
(2676,1,'添加【2019-12-30】的排班计划【a】',1577093560),
(2677,1,'管理员【shbai】登录',1577093658),
(2678,1,'添加【2019-12-30】的排班计划【wds】',1577093690),
(2679,1,'管理员【shbai】登录',1577094480),
(2680,1,'管理员【shbai】登录',1577094570),
(2681,1,'管理员【shbai】登录',1577094665),
(2682,1,'添加【2019-12-30】的排班日程【sads】',1577094683),
(2683,1,'管理员【shbai】登录',1577094972),
(2684,1,'删除【2019-12-30】的排班日程【3】',1577094975),
(2685,1,'管理员【shbai】登录',1577096050),
(2686,1,'管理员【shbai】登录',1577150660),
(2687,1,'管理员【shbai】登录',1577150885),
(2688,1,'管理员【shbai】登录',1577152383),
(2689,1,'管理员【shbai】登录',1577152426),
(2690,1,'管理员【shbai】登录',1577152431),
(2691,1,'管理员【shbai】登录',1577152441),
(2692,1,'管理员【shbai】登录',1577152586),
(2693,1,'管理员【shbai】登录',1577152635),
(2694,1,'管理员【shbai】登录',1577152817),
(2695,1,'管理员【shbai】登录',1577153641),
(2696,1,'管理员【shbai】登录',1577154077),
(2697,1,'管理员【shbai】登录',1577154827),
(2698,1,'管理员【shbai】登录',1577156909),
(2699,1,'管理员【shbai】登录',1577157793),
(2700,1,'管理员【shbai】登录',1577159964),
(2701,1,'管理员【shbai】登录',1577160286),
(2702,1,'管理员【shbai】登录',1577168604),
(2703,1,'管理员【shbai】登录',1577169229),
(2704,1,'管理员【shbai】登录',1577169844),
(2705,1,'管理员【shbai】登录',1577170646),
(2706,1,'管理员【shbai】登录',1577173650),
(2707,1,'管理员【shbai】登录',1577174730),
(2708,1,'管理员【shbai】登录',1577175645),
(2709,1,'管理员【shbai】登录',1577175677),
(2710,1,'管理员【shbai】登录',1577176901),
(2711,1,'管理员【shbai】登录',1577177168),
(2712,1,'管理员【shbai】登录',1577177654),
(2713,1,'管理员【shbai】登录',1577178005),
(2714,1,'管理员【shbai】登录',1577178387),
(2715,1,'管理员【shbai】登录',1577178446),
(2716,1,'管理员【shbai】登录',1577178526),
(2717,1,'删除【2019-12-24】的排班日程【3】',1577178682),
(2718,1,'添加【2019-12-24】的排班日程【s】',1577178698),
(2719,1,'管理员【shbai】登录',1577179782),
(2720,1,'管理员【shbai】登录',1577179936),
(2721,1,'管理员【shbai】登录',1577180042),
(2722,1,'管理员【shbai】登录',1577180092),
(2723,1,'管理员【shbai】登录',1577180257),
(2724,1,'管理员【shbai】登录',1577180407),
(2725,1,'管理员【shbai】登录',1577180416),
(2726,1,'管理员【shbai】登录',1577180471),
(2727,1,'管理员【shbai】登录',1577181641),
(2728,1,'管理员【shbai】登录',1577181745),
(2729,1,'管理员【shbai】登录',1577181789),
(2730,1,'管理员【shbai】登录',1577182022),
(2731,1,'管理员【shbai】登录',1577182088),
(2732,1,'管理员【shbai】登录',1577182136),
(2733,1,'管理员【shbai】登录',1577237530),
(2734,1,'管理员【shbai】登录',1577237768),
(2735,1,'管理员【shbai】登录',1577237836),
(2736,1,'管理员【shbai】登录',1577238099),
(2737,1,'管理员【shbai】登录',1577238746),
(2738,1,'管理员【shbai】登录',1577238847),
(2739,1,'管理员【shbai】登录',1577239181),
(2740,1,'管理员【shbai】登录',1577239296),
(2741,1,'编辑【2019-12-25】的排班日程【3】',1577239409),
(2742,1,'编辑【2019-12-25】的排班日程【1】',1577239414),
(2743,1,'编辑【2019-12-25】的排班日程【a1】',1577239419),
(2744,1,'编辑【2019-12-25】的排班日程【1】',1577239426),
(2745,1,'管理员【shbai】登录',1577240251),
(2746,1,'管理员【shbai】登录',1577241932),
(2747,1,'添加【2019-12-25】的排班日程【a2】',1577244157),
(2748,1,'管理员【shbai】登录',1577246176),
(2749,1,'管理员【shbai】登录',1577246635),
(2750,1,'管理员【shbai】登录',1577246664),
(2751,1,'管理员【shbai】登录',1577248731),
(2752,1,'管理员【shbai】登录',1577249103),
(2753,1,'管理员【shbai】登录',1577249330),
(2754,1,'管理员【shbai】登录',1577249597),
(2755,1,'删除【2019-12-25】的排班日程【a2】',1577249603),
(2756,1,'管理员【shbai】登录',1577256213),
(2757,1,'管理员【shbai】登录',1577256677),
(2758,1,'管理员【shbai】登录',1577256941),
(2759,1,'管理员【shbai】登录',1577257497),
(2760,1,'管理员【shbai】登录',1577257656),
(2761,1,'管理员【shbai】登录',1577257773),
(2762,1,'管理员【shbai】登录',1577257823),
(2763,1,'管理员【shbai】登录',1577257951),
(2764,1,'管理员【shbai】登录',1577258033),
(2765,1,'编辑【2019-12-25】的排班日程【3】',1577258039),
(2766,1,'编辑【2019-12-25】的排班日程【3】',1577258045),
(2767,1,'编辑【2019-12-25】的排班日程【3】',1577258048),
(2768,1,'管理员【shbai】登录',1577258221),
(2769,1,'编辑【shbai】于【2019-12-10 12:08:57】发布的通知公告',1577258476),
(2770,1,'管理员【shbai】登录',1577258685),
(2771,1,'编辑【2019-12-25】的排班日程【1】',1577258805),
(2772,1,'管理员【shbai】登录',1577260085),
(2773,1,'管理员【shbai】登录',1577260126),
(2774,1,'管理员【shbai】登录',1577260260),
(2775,1,'编辑【2019-12-25】的排班日程【3】',1577260267),
(2776,1,'管理员【shbai】登录',1577260290),
(2777,1,'管理员【shbai】登录',1577261771),
(2778,1,'编辑【2019-12-25】的排班日程【1】',1577261783),
(2779,1,'编辑【2019-12-25】的排班日程【3】',1577261792),
(2780,1,'管理员【shbai】登录',1577262133),
(2781,1,'编辑车辆【121310】',1577262166),
(2782,1,'编辑【2019-12-25】的排班日程【1】',1577262263),
(2783,1,'管理员【shbai】登录',1577263864),
(2784,1,'删除车辆【1222w】',1577263869),
(2785,1,'删除车辆【1zuowei】',1577263872),
(2786,1,'删除车辆【3232】',1577263874),
(2787,1,'管理员【shbai】登录',1577269667),
(2788,1,'管理员【shbai】登录',1577270613),
(2789,1,'添加【2019-12-30】的排班日程【AAA】',1577270696),
(2790,1,'添加【2019-12-30】的排班计划【AAA】',1577270908),
(2791,1,'管理员【shbai】登录',1577270986),
(2792,1,'管理员【shbai】登录',1577271165),
(2793,1,'删除排班模板【sda】',1577271202),
(2794,1,'删除排班模板【sa】',1577271215),
(2795,1,'删除排班模板【1】',1577271313),
(2796,1,'删除排班模板【3】',1577271318),
(2797,1,'管理员【shbai】登录',1577271411),
(2798,1,'添加排班模板【fdgfdg】',1577271446),
(2799,1,'删除【2019-12-30】的排班计划【wds】',1577271483),
(2800,1,'删除排班模板【a1】',1577271486),
(2801,1,'删除排班模板【assasa】',1577271494),
(2802,1,'管理员【shbai】登录',1577271564),
(2803,1,'删除排班模板【fdgfdg】',1577271566),
(2804,1,'管理员【shbai】登录',1577323793),
(2805,1,'添加排班模板【sdsa】',1577323811),
(2806,1,'删除排班模板【sdsa】',1577323814),
(2807,1,'管理员【shbai】登录',1577324005),
(2808,1,'添加通知公告【2019-12-26 09:33:50】',1577324030),
(2809,1,'添加排班模板【sad】',1577324302),
(2810,1,'删除排班模板【sad】',1577324304),
(2811,1,'管理员【shbai】登录',1577324318),
(2812,1,'添加排班模板【asd】',1577324334),
(2813,1,'删除排班模板【asd】',1577324336),
(2814,1,'添加排班模板【sadas】',1577324353),
(2815,1,'管理员【shbai】登录',1577324729),
(2816,1,'管理员【shbai】登录',1577326931),
(2817,1,'管理员【shbai】登录',1577327582),
(2818,1,'管理员【shbai】登录',1577327594),
(2819,1,'管理员【shbai】登录',1577327604),
(2820,1,'管理员【shbai】登录',1577327823),
(2821,1,'管理员【shbai】登录',1577327881),
(2822,1,'管理员【shbai】登录',1577328047),
(2823,1,'管理员【shbai】登录',1577329831),
(2824,1,'管理员【shbai】登录',1577330096),
(2825,1,'管理员【shbai】登录',1577330142),
(2826,1,'管理员【shbai】登录',1577330975),
(2827,1,'管理员【shbai】登录',1577331581),
(2828,1,'管理员【shbai】登录',1577332496),
(2829,1,'管理员【shbai】登录',1577332922),
(2830,1,'管理员【shbai】登录',1577334756),
(2831,1,'管理员【shbai】登录',1577334952),
(2832,1,'管理员【shbai】登录',1577335891),
(2833,1,'管理员【shbai】登录',1577335922),
(2834,1,'管理员【shbai】登录',1577342237),
(2835,1,'管理员【shbai】登录',1577344063),
(2836,1,'管理员【shbai】登录',1577344133),
(2837,1,'管理员【shbai】登录',1577344201),
(2838,1,'管理员【shbai】登录',1577344255),
(2839,1,'管理员【shbai】登录',1577344296),
(2840,1,'管理员【shbai】登录',1577344641),
(2841,1,'管理员【shbai】登录',1577344778),
(2842,1,'管理员【shbai】登录',1577345197),
(2843,1,'管理员【shbai】登录',1577345274),
(2844,1,'管理员【shbai】登录',1577345351),
(2845,1,'管理员【shbai】登录',1577345371),
(2846,1,'管理员【shbai】登录',1577345461),
(2847,1,'管理员【shbai】登录',1577345507),
(2848,1,'管理员【shbai】登录',1577345588),
(2849,1,'管理员【shbai】登录',1577345798),
(2850,1,'管理员【shbai】登录',1577346082),
(2851,1,'管理员【shbai】登录',1577346305),
(2852,1,'管理员【shbai】登录',1577346339),
(2853,1,'管理员【shbai】登录',1577346400),
(2854,1,'管理员【shbai】登录',1577346694),
(2855,1,'管理员【shbai】登录',1577346716),
(2856,1,'管理员【shbai】登录',1577346959),
(2857,1,'管理员【shbai】登录',1577347579),
(2858,1,'管理员【shbai】登录',1577348106),
(2859,1,'管理员【shbai】登录',1577348195),
(2860,1,'管理员【shbai】登录',1577351110),
(2861,1,'管理员【shbai】登录',1577352889),
(2862,1,'管理员【shbai】登录',1577352956),
(2863,1,'管理员【shbai】登录',1577353039),
(2864,1,'管理员【shbai】登录',1577353089),
(2865,1,'管理员【shbai】登录',1577353755),
(2866,1,'管理员【shbai】登录',1577354362),
(2867,1,'管理员【shbai】登录',1577354387),
(2868,1,'管理员【shbai】登录',1577355175),
(2869,1,'管理员【shbai】登录',1577356071),
(2870,1,'管理员【shbai】登录',1577356718),
(2871,1,'管理员【shbai】登录',1577357085),
(2872,1,'管理员【shbai】登录',1577357094),
(2873,1,'管理员【shbai】登录',1577357217),
(2874,1,'管理员【shbai】登录',1577357295),
(2875,1,'管理员【shbai】登录',1577410530),
(2876,1,'管理员【shbai】登录',1577417049),
(2877,1,'管理员【shbai】登录',1577417606),
(2878,1,'管理员【shbai】登录',1577417912),
(2879,1,'管理员【shbai】登录',1577418222),
(2880,1,'管理员【shbai】登录',1577419742),
(2881,1,'管理员【shbai】登录',1577429141),
(2882,1,'管理员【shbai】登录',1577430073),
(2883,1,'管理员【shbai】登录',1577430364),
(2884,1,'管理员【shbai】登录',1577430439),
(2885,1,'管理员【shbai】登录',1577430496),
(2886,1,'管理员【shbai】登录',1577430530),
(2887,1,'管理员【shbai】登录',1577430553),
(2888,1,'管理员【shbai】登录',1577430581),
(2889,1,'管理员【shbai】登录',1577430796),
(2890,1,'管理员【shbai】登录',1577431134),
(2891,1,'【1577431139】添加【】【a】的审核',1577431139),
(2892,1,'管理员【shbai】登录',1577432297),
(2893,1,'管理员【shbai】登录',1577432605),
(2894,1,'管理员【shbai】登录',1577432694),
(2895,1,'管理员【shbai】登录',1577432727),
(2896,1,'管理员【shbai】登录',1577433919),
(2897,1,'【1577434053】添加【】【1212】的审核',1577434053),
(2898,1,'管理员【shbai】登录',1577434171),
(2899,1,'管理员【shbai】登录',1577434803),
(2900,1,'管理员【shbai】登录',1577435762),
(2901,1,'管理员【shbai】登录',1577436289),
(2902,1,'管理员【shbai】登录',1577440071),
(2903,1,'管理员【shbai】登录',1577440529),
(2904,1,'【1577440651】添加【asd】【asd】的审核',1577440651),
(2905,1,'管理员【shbai】登录',1577442327),
(2906,1,'管理员【shbai】登录',1577668628),
(2907,1,'管理员【shbai】登录',1577669902),
(2908,1,'管理员【shbai】登录',1577669961),
(2909,1,'管理员【shbai】登录',1577670189),
(2910,1,'管理员【shbai】登录',1577670502),
(2911,1,'管理员【shbai】登录',1577671736),
(2912,1,'管理员【shbai】登录',1577671808),
(2913,1,'管理员【shbai】登录',1577671879),
(2914,1,'管理员【shbai】登录',1577672321),
(2915,1,'管理员【shbai】登录',1577672395),
(2916,1,'【1577672591】添加【】【a】的审核',1577672591),
(2917,1,'管理员【shbai】登录',1577672678),
(2918,1,'【1577672693】添加【】【a】的审核',1577672693),
(2919,1,'管理员【shbai】登录',1577672927),
(2920,1,'【1577672946】添加【】【a】的审核',1577672946),
(2921,1,'管理员【shbai】登录',1577673025),
(2922,1,'【1577673037】添加【】【das】的审核',1577673037),
(2923,1,'管理员【shbai】登录',1577673167),
(2924,1,'管理员【shbai】登录',1577673211),
(2925,1,'管理员【shbai】登录',1577673232),
(2926,1,'管理员【shbai】登录',1577673353),
(2927,1,'【1577673366】添加【】【a】的审核',1577673366),
(2928,1,'管理员【shbai】登录',1577673513),
(2929,1,'管理员【shbai】登录',1577673531),
(2930,1,'管理员【shbai】登录',1577673559),
(2931,1,'管理员【shbai】登录',1577673647),
(2932,1,'管理员【shbai】登录',1577675709),
(2933,1,'管理员【shbai】登录',1577676038),
(2934,1,'管理员【shbai】登录',1577677288),
(2935,1,'管理员【shbai】登录',1577678923),
(2936,1,'管理员【shbai】登录',1577679725),
(2937,1,'管理员【shbai】登录',1577679831),
(2938,1,'管理员【shbai】登录',1577680152),
(2939,1,'管理员【shbai】登录',1577686164),
(2940,1,'管理员【shbai】登录',1577687477),
(2941,1,'管理员【shbai】登录',1577689141),
(2942,1,'管理员【shbai】登录',1577689295),
(2943,1,'管理员【shbai】登录',1577689494),
(2944,1,'管理员【shbai】登录',1577690390),
(2945,1,'管理员【shbai】登录',1577690601),
(2946,1,'管理员【shbai】登录',1577691239),
(2947,1,'管理员【shbai】登录',1577694732),
(2948,1,'管理员【shbai】登录',1577695281),
(2949,1,'管理员【shbai】登录',1577695990),
(2950,1,'管理员【shbai】登录',1577696314),
(2951,1,'管理员【shbai】登录',1577696494),
(2952,1,'管理员【shbai】登录',1577696539),
(2953,1,'管理员【shbai】登录',1577696576),
(2954,1,'管理员【shbai】登录',1577696668),
(2955,1,'管理员【shbai】登录',1577697129),
(2956,1,'管理员【shbai】登录',1577697200),
(2957,1,'添加临时乘客【2】',1577697667),
(2958,1,'管理员【shbai】登录',1577697788),
(2959,1,'管理员【shbai】登录',1577698171),
(2960,1,'管理员【shbai】登录',1577698490),
(2961,1,'管理员【shbai】登录',1577701243),
(2962,1,'管理员【shbai】登录',1577755644),
(2963,1,'管理员【shbai】登录',1577755961),
(2964,1,'删除【2019-12-25】的排班计划【3】',1577756915),
(2965,1,'管理员【shbai】登录',1577758651),
(2966,1,'管理员【shbai】登录',1577759098),
(2967,1,'管理员【shbai】登录',1577759772),
(2968,1,'管理员【shbai】登录',1577762888),
(2969,1,'管理员【shbai】登录',1577763697),
(2970,1,'管理员【shbai】登录',1577763778),
(2971,1,'管理员【shbai】登录',1577764045),
(2972,1,'管理员【shbai】登录',1577764621),
(2973,1,'管理员【shbai】登录',1577764797),
(2974,1,'管理员【shbai】登录',1577764829),
(2975,1,'管理员【shbai】登录',1577765409),
(2976,1,'管理员【shbai】登录',1577765489),
(2977,1,'管理员【shbai】登录',1577765600),
(2978,1,'管理员【shbai】登录',1577765658),
(2979,1,'管理员【shbai】登录',1577765704),
(2980,1,'管理员【shbai】登录',1577765733),
(2981,1,'管理员【shbai】登录',1577765793),
(2982,1,'管理员【shbai】登录',1577766396),
(2983,1,'管理员【shbai】登录',1577767037),
(2984,1,'管理员【shbai】登录',1577767647),
(2985,1,'管理员【shbai】登录',1577768349),
(2986,1,'管理员【shbai】登录',1577768405),
(2987,1,'管理员【shbai】登录',1577774138),
(2988,1,'管理员【shbai】登录',1577774803),
(2989,1,'管理员【shbai】登录',1577775162),
(2990,1,'管理员【shbai】登录',1577776131),
(2991,1,'管理员【shbai】登录',1577776181),
(2992,1,'管理员【shbai】登录',1577776328),
(2993,1,'管理员【shbai】登录',1577776904),
(2994,1,'管理员【shbai】登录',1577777000),
(2995,1,'管理员【shbai】登录',1577777073),
(2996,1,'管理员【shbai】登录',1577777507),
(2997,1,'管理员【shbai】登录',1577777583),
(2998,1,'管理员【shbai】登录',1577777663),
(2999,1,'管理员【shbai】登录',1577778670),
(3000,1,'管理员【shbai】登录',1577779142),
(3001,1,'管理员【shbai】登录',1577779496),
(3002,1,'管理员【shbai】登录',1577779721),
(3003,1,'管理员【shbai】登录',1577779904),
(3004,1,'管理员【shbai】登录',1577780066),
(3005,1,'管理员【shbai】登录',1577780311),
(3006,1,'管理员【shbai】登录',1577781696),
(3007,1,'管理员【shbai】登录',1577781773),
(3008,1,'管理员【shbai】登录',1577781844),
(3009,1,'管理员【shbai】登录',1577781931),
(3010,1,'管理员【shbai】登录',1577782153),
(3011,1,'管理员【shbai】登录',1577782348),
(3012,1,'管理员【shbai】登录',1577782408),
(3013,1,'管理员【shbai】登录',1577782533),
(3014,1,'管理员【shbai】登录',1577782600),
(3015,1,'管理员【shbai】登录',1577784940),
(3016,1,'管理员【shbai】登录',1577785199),
(3017,1,'管理员【shbai】登录',1577785560),
(3018,1,'管理员【shbai】登录',1577785597),
(3019,1,'管理员【shbai】登录',1577785620),
(3020,1,'管理员【shbai】登录',1577785727),
(3021,1,'管理员【shbai】登录',1577785779),
(3022,1,'管理员【shbai】登录',1577785974),
(3023,1,'管理员【shbai】登录',1577785999),
(3024,1,'管理员【shbai】登录',1577786090),
(3025,1,'管理员【shbai】登录',1577786808),
(3026,1,'管理员【shbai】登录',1577788114),
(3027,1,'管理员【shbai】登录',1577928674),
(3028,1,'管理员【shbai】登录',1577931739),
(3029,1,'编辑【2019-12-25】的排班计划【1】',1577931770),
(3030,1,'管理员【shbai】登录',1577931857),
(3031,1,'管理员【shbai】登录',1577932807),
(3032,1,'管理员【shbai】登录',1577933140),
(3033,1,'管理员【shbai】登录',1577935253),
(3034,1,'管理员【shbai】登录',1577935310),
(3035,1,'管理员【shbai】登录',1577937049),
(3036,1,'管理员【shbai】登录',1577938336),
(3037,1,'管理员【shbai】登录',1577938563),
(3038,1,'管理员【shbai】登录',1577938718),
(3039,1,'管理员【shbai】登录',1577953903),
(3040,1,'管理员【shbai】登录',1577959111),
(3041,1,'管理员【shbai】登录',1578021868),
(3042,1,'管理员【shbai】登录',1578022312),
(3043,1,'管理员【shbai】登录',1578022332),
(3044,1,'管理员【shbai】登录',1578023101),
(3045,1,'管理员【shbai】登录',1578023461),
(3046,1,'管理员【shbai】登录',1578023514),
(3047,1,'管理员【shbai】登录',1578023558),
(3048,1,'管理员【shbai】登录',1578023815),
(3049,1,'管理员【shbai】登录',1578039784),
(3050,1,'导入【sadas】班次的排班模板到【2020-01-04】的排班计划中',1578039955),
(3051,1,'管理员【shbai】登录',1578042519),
(3052,1,'????shbai???',1578049177),
(3053,1,'????shbai???',1578364262),
(3054,1,'???????',1578364273),
(3055,1,'????shbai???',1578364422),
(3056,1,'????shbai???',1578364506),
(3057,1,'????shbai???',1578364526),
(3058,1,'??????????',1578364533),
(3059,1,'?????????',1578364771),
(3060,1,'添加线路【啊啊啊大大大】',1578365030),
(3061,1,'管理员【shbai】登录',1578367867),
(3062,1,'管理员【shbai】登录',1578627275),
(3063,1,'编辑【2019-12-25】的排班日程【a1】',1578628404),
(3064,1,'管理员【shbai】登录',1578629487),
(3065,1,'管理员【shbai】登录',1578631800),
(3066,1,'管理员【shbai】登录',1578637615),
(3067,1,'管理员【shbai】登录',1578638071),
(3068,1,'管理员【shbai】登录',1578638643),
(3069,1,'管理员【shbai】登录',1578641973),
(3070,1,'管理员【shbai】登录',1578642985),
(3071,1,'管理员【shbai】登录',1578643262),
(3072,1,'管理员【shbai】登录',1578643894),
(3073,1,'管理员【shbai】登录',1578646961),
(3074,1,'管理员【shbai】登录',1578647540),
(3075,1,'管理员【shbai】登录',1578651060),
(3076,1,'管理员【shbai】登录',1578651571),
(3077,1,'管理员【shbai】登录',1578883574),
(3078,1,'管理员【shbai】登录',1578884416),
(3079,1,'添加【2020-01-13】的排班日程【a】',1578884436),
(3080,1,'管理员【shbai】登录',1578884641),
(3081,1,'管理员【shbai】登录',1578884757),
(3082,1,'管理员【shbai】登录',1578884797),
(3083,1,'管理员【shbai】登录',1578884891),
(3084,1,'编辑【2020-01-13】的排班日程【a】',1578884894),
(3085,1,'管理员【shbai】登录',1578884917),
(3086,1,'添加【2020-01-13】的排班日程【ab】',1578884977),
(3087,1,'编辑【2020-01-13】的排班日程【a】',1578884987),
(3088,1,'管理员【shbai】登录',1578886674),
(3089,1,'添加排班模板【s】',1578886953),
(3090,1,'管理员【shbai】登录',1578887517),
(3091,1,'管理员【shbai】登录',1578890352),
(3092,1,'管理员【shbai】登录',1583232856),
(3093,1,'管理员【shbai】登录',1583284617),
(3094,1,'管理员【shbai】登录',1583288173),
(3095,1,'管理员【shbai】登录',1583288220),
(3096,1,'管理员【shbai】登录',1583291271),
(3097,1,'管理员【shbai】登录',1583291277),
(3098,1,'管理员【shbai】登录',1583301506),
(3099,1,'管理员【shbai】登录',1583305732),
(3100,1,'管理员【shbai】登录',1583306065),
(3101,1,'管理员【shbai】登录',1583306086),
(3102,1,'管理员【shbai】登录',1583306141),
(3103,1,'管理员【shbai】登录',1583306174),
(3104,1,'管理员【shbai】登录',1583306326),
(3105,1,'管理员【shbai】登录',1583306383),
(3106,1,'管理员【shbai】登录',1583306474),
(3107,1,'管理员【shbai】登录',1583306498),
(3108,1,'管理员【shbai】登录',1583306503),
(3109,1,'管理员【shbai】登录',1583306511),
(3110,1,'管理员【shbai】登录',1583310573),
(3111,1,'管理员【shbai】登录',1583312174),
(3112,1,'管理员【shbai】登录',1583312512),
(3113,1,'管理员【shbai】登录',1583315927),
(3114,1,'管理员【shbai】登录',1583317975),
(3115,1,'管理员【shbai】登录',1583369865),
(3116,1,'管理员【shbai】登录',1583371275),
(3117,1,'管理员【shbai】登录',1583376474),
(3118,1,'管理员【shbai】登录',1583388339),
(3119,1,'管理员【shbai】登录',1583392430),
(3120,1,'管理员【shbai】登录',1583395079),
(3121,1,'管理员【shbai】登录',1583397437),
(3122,1,'管理员【shbai】登录',1583397444),
(3123,1,'管理员【shbai】登录',1583402046),
(3124,1,'管理员【shbai】登录',1583457154),
(3125,1,'管理员【shbai】登录',1583464195),
(3126,1,'管理员【shbai】登录',1583484910),
(3127,1,'管理员【shbai】登录',1583718253),
(3128,1,'管理员【shbai】登录',1583738579),
(3129,1,'管理员【shbai】登录',1583807285),
(3130,1,'管理员【shbai】登录',1583829884),
(3131,1,'管理员【shbai】登录',1583983419),
(3132,1,'管理员【shbai】登录',1583993250),
(3133,1,'管理员【shbai】登录',1584065466),
(3134,1,'管理员【shbai】登录',1584688570),
(3135,1,'管理员【shbai】登录',1584696091),
(3136,1,'管理员【shbai】登录',1584700791),
(3137,1,'导入【s】班次的排班模板到【2020-03-21】的排班计划中',1584700833),
(3138,1,'编辑【2020-03-21】的排班计划【s】',1584700890),
(3139,1,'管理员【shbai】登录',1584701182),
(3140,1,'管理员【shbai】登录',1584701246),
(3141,1,'管理员【shbai】登录',1584701366),
(3142,1,'发布【null】【null】班次的排班计划到排班日程中',1584701376),
(3143,1,'管理员【shbai】登录',1584926863),
(3144,1,'管理员【shbai】登录',1584927569),
(3145,1,'管理员【shbai】登录',1584927628),
(3146,1,'管理员【shbai】登录',1584936455),
(3147,1,'导入【sadas】班次的排班模板到【2020-03-23】的排班计划中',1584936485),
(3148,1,'添加排班模板【121】',1584936652),
(3149,1,'导入【121】班次的排班模板到【2020-03-23】的排班计划中',1584936683),
(3150,1,'发布【null】【null】班次的排班计划到排班日程中',1584936702),
(3151,1,'管理员【shbai】登录',1584943238),
(3152,1,'管理员【shbai】登录',1585045098),
(3153,1,'管理员【shbai】登录',1585108151),
(3154,1,'管理员【shbai】登录',1585108953),
(3155,1,'管理员【shbai】登录',1585118124),
(3156,1,'导入【121】班次的排班模板到【2020-03-25】的排班计划中',1585118156),
(3157,1,'发布【null】【null】班次的排班计划到排班日程中',1585118180),
(3158,1,'管理员【shbai】登录',1585120146),
(3159,1,'管理员【shbai】登录',1585121632),
(3160,1,'管理员【shbai】登录',1585128496),
(3161,1,'删除临时乘客【2】',1585128563),
(3162,1,'管理员【shbai】登录',1585186596),
(3163,1,'管理员【shbai】登录',1585186921),
(3164,1,'删除临时乘客【a】',1585186937),
(3165,1,'管理员【shbai】登录',1585206198),
(3166,1,'管理员【shbai】登录',1585206720),
(3167,1,'管理员【shbai】登录',1585207124),
(3168,1,'管理员【shbai】登录',1585292888),
(3169,1,'管理员【shbai】登录',1615096700),
(3170,1,'管理员【shbai】登录',1615097084),
(3171,1,'管理员【shbai】登录',1615873516),
(3172,1,'管理员【shbai】登录',1615873973);

/*Table structure for table `sbus_admin_remind` */

DROP TABLE IF EXISTS `sbus_admin_remind`;

CREATE TABLE `sbus_admin_remind` (
  `remind_id` binary(16) NOT NULL COMMENT '【管理员提醒表】提醒id',
  `role_code` varchar(20) NOT NULL DEFAULT '' COMMENT '可查看提醒的管理员角色码',
  `remind_content` varchar(50) NOT NULL DEFAULT '0' COMMENT '提醒内容',
  `remind_time` int unsigned NOT NULL DEFAULT '0' COMMENT '提醒时间（时间戳）',
  PRIMARY KEY (`remind_id`),
  KEY `role_code` (`role_code`)
) ENGINE=InnoDB DEFAULT CHARSET=utf8;

/*Data for the table `sbus_admin_remind` */

/*Table structure for table `sbus_admin_role` */

DROP TABLE IF EXISTS `sbus_admin_role`;

CREATE TABLE `sbus_admin_role` (
  `role_code` varchar(20) NOT NULL DEFAULT '' COMMENT '【管理员角色表】角色码',
  `role_name` varchar(20) NOT NULL DEFAULT '' COMMENT '角色名',
  `show_order` int NOT NULL DEFAULT '0' COMMENT '角色的展示顺序，数字越小越靠前',
  PRIMARY KEY (`role_code`)
) ENGINE=InnoDB DEFAULT CHARSET=utf8;

/*Data for the table `sbus_admin_role` */

insert  into `sbus_admin_role`(`role_code`,`role_name`,`show_order`) values 
('school','学校管理员',2),
('schoolBus','校车维护员',3),
('system','系统管理员',1),
('ticket','票务管理员',4);

/*Table structure for table `sbus_config` */

DROP TABLE IF EXISTS `sbus_config`;

CREATE TABLE `sbus_config` (
  `config_id` int NOT NULL DEFAULT '1' COMMENT '【系统配置表】配置id',
  `vehicle_wait_minute` int NOT NULL DEFAULT '0' COMMENT '【校车配置】要求车辆提前多少分钟到达起点站',
  `depart_delay_minute` int NOT NULL DEFAULT '0' COMMENT '【校车配置】允许车辆延迟多少分钟发车',
  `seat_retain_num` int NOT NULL DEFAULT '10' COMMENT '【票务配置】预留教师位数',
  `ticket_student_price` decimal(5,2) NOT NULL DEFAULT '10.00' COMMENT '【票务配置】学生票价',
  `ticket_teacher_price` decimal(5,2) NOT NULL DEFAULT '15.00' COMMENT '【票务配置】教师票价',
  `ticket_student_hour` int NOT NULL DEFAULT '24' COMMENT '【票务配置】在发车前多少小时开始给学生出售车票',
  `ticket_teacher_hour` int NOT NULL DEFAULT '48' COMMENT '【票务配置】在发车前多少小时开始给教师出售车票',
  `ticket_all_minute` int NOT NULL DEFAULT '15' COMMENT '【票务配置】在发车前多少分钟开放预留教师位的车票',
  `ticket_refund_minute` int NOT NULL DEFAULT '30' COMMENT '【票务配置】在发车前多少分钟允许退票',
  `ticket_open_minute` int NOT NULL DEFAULT '15' COMMENT '【票务配置】在发车前多少分钟开始检票',
  `ticket_stop_minute` int NOT NULL DEFAULT '0' COMMENT '【票务配置】在发车后多少分钟停止检票',
  PRIMARY KEY (`config_id`)
) ENGINE=InnoDB DEFAULT CHARSET=utf8;

/*Data for the table `sbus_config` */

insert  into `sbus_config`(`config_id`,`vehicle_wait_minute`,`depart_delay_minute`,`seat_retain_num`,`ticket_student_price`,`ticket_teacher_price`,`ticket_student_hour`,`ticket_teacher_hour`,`ticket_all_minute`,`ticket_refund_minute`,`ticket_open_minute`,`ticket_stop_minute`) values 
(1,333,2,10,0.01,0.01,313,48,23,30,15,15);

/*Table structure for table `sbus_depart_plan` */

DROP TABLE IF EXISTS `sbus_depart_plan`;

CREATE TABLE `sbus_depart_plan` (
  `line_id` int NOT NULL DEFAULT '0' COMMENT '【已被替换，只做保留】【计划发车时刻表】线路id',
  `depart_week` int NOT NULL DEFAULT '0' COMMENT '发车周几（周日为7）',
  `depart_time` char(5) NOT NULL DEFAULT '' COMMENT '发车时间（格式为“时:分”，时、分，不足两位需自动填充）',
  `depart_dir` int NOT NULL DEFAULT '0' COMMENT '发车方向（上行或单向：1、下行：2）',
  `vehicle_id` int NOT NULL DEFAULT '0' COMMENT '车辆id',
  `driver_id` int NOT NULL DEFAULT '0' COMMENT '司机id',
  PRIMARY KEY (`line_id`,`depart_week`,`depart_time`,`depart_dir`,`vehicle_id`),
  KEY `depart_week` (`depart_week`,`depart_time`)
) ENGINE=InnoDB DEFAULT CHARSET=utf8;

/*Data for the table `sbus_depart_plan` */

insert  into `sbus_depart_plan`(`line_id`,`depart_week`,`depart_time`,`depart_dir`,`vehicle_id`,`driver_id`) values 
(19,1,'00:02',1,8,8),
(19,1,'01:02',2,9,8),
(19,1,'02:00',1,13,7),
(19,1,'02:03',2,2,8),
(19,1,'03:03',1,12,8);

/*Table structure for table `sbus_depart_real` */

DROP TABLE IF EXISTS `sbus_depart_real`;

CREATE TABLE `sbus_depart_real` (
  `line_id` int NOT NULL DEFAULT '0' COMMENT '【已被替换，只做保留】【真实发车时刻表】线路id',
  `depart_time` int unsigned NOT NULL DEFAULT '0' COMMENT '发车时间（时间戳）',
  `depart_dir` int NOT NULL DEFAULT '0' COMMENT '发车方向（上行或单向：1、下行：2）',
  `vehicle_id` int NOT NULL DEFAULT '0' COMMENT '车辆id（同一班次可以安排多辆车）',
  `driver_id` int NOT NULL DEFAULT '0' COMMENT '司机id',
  `total_seat_num` int NOT NULL DEFAULT '0' COMMENT '总座位数',
  `sold_seat_num` int NOT NULL DEFAULT '0' COMMENT '已出售座位数',
  PRIMARY KEY (`line_id`,`depart_time`,`depart_dir`,`vehicle_id`),
  KEY `depart_time` (`depart_time`)
) ENGINE=InnoDB DEFAULT CHARSET=utf8;

/*Data for the table `sbus_depart_real` */

insert  into `sbus_depart_real`(`line_id`,`depart_time`,`depart_dir`,`vehicle_id`,`driver_id`,`total_seat_num`,`sold_seat_num`) values 
(18,1575216061,1,12,13,20,0),
(18,1575216061,1,13,5,20,0),
(18,1575219660,1,3,9,21,0),
(19,1574611200,1,1,5,24,24),
(19,1574697600,1,1,5,222,24),
(19,1574956923,1,2,11,24,24),
(19,1574967600,2,2,5,24,24),
(19,1574971200,2,2,8,24,24),
(19,1575216061,1,3,11,21,0),
(19,1575216120,1,12,11,0,0),
(19,1575216123,1,8,7,2,0),
(19,1575216123,2,11,9,11,0),
(19,1575216183,2,13,8,20,0),
(19,1575230520,2,11,9,44,0),
(19,1575230520,2,13,13,44,0),
(19,1575288120,1,3,13,21,0),
(19,1575388860,1,9,9,21,0),
(19,1575388860,1,12,11,21,0),
(19,1575399660,2,9,13,21,0),
(19,1575561840,1,13,5,0,0),
(19,1575568923,1,3,5,0,0),
(19,1575820922,2,8,8,13,0),
(19,1575820922,2,11,11,13,0),
(19,1575828124,1,12,8,0,0),
(19,1575849790,1,9,5,21,0);

/*Table structure for table `sbus_driver` */

DROP TABLE IF EXISTS `sbus_driver`;

CREATE TABLE `sbus_driver` (
  `driver_id` int NOT NULL AUTO_INCREMENT COMMENT '【司机表】司机id',
  `driver_number` varchar(20) NOT NULL DEFAULT '' COMMENT '司机编号，全表唯一',
  `driver_name` varchar(10) NOT NULL DEFAULT '' COMMENT '司机姓名',
  `driver_sex` int NOT NULL DEFAULT '0' COMMENT '司机性别（男：1、女：2）',
  `driver_phone` varchar(30) NOT NULL DEFAULT '' COMMENT '司机电话',
  `driver_identity` varchar(20) NOT NULL DEFAULT '' COMMENT '司机身份证号',
  PRIMARY KEY (`driver_id`),
  UNIQUE KEY `driver_number` (`driver_number`)
) ENGINE=InnoDB AUTO_INCREMENT=14 DEFAULT CHARSET=utf8;

/*Data for the table `sbus_driver` */

insert  into `sbus_driver`(`driver_id`,`driver_number`,`driver_name`,`driver_sex`,`driver_phone`,`driver_identity`) values 
(5,'33333333333333333333','3333333333',2,'ssssssssssssssssssssssssssssss','ssssssssssssssssssss'),
(7,'4','12',1,'12','12'),
(8,'1','2',1,'',''),
(9,'ssssssssssssssssssss','ssssssssss',2,'ssssssssssssssssssssssssssssss','ssssssssssssssssssss'),
(10,'s','',1,'',''),
(11,'sa','ww',1,'1','1'),
(12,'ss','',2,'',''),
(13,'123','132',1,'<p onclick=\"alert(1);\">b</p>','13213');

/*Table structure for table `sbus_line` */

DROP TABLE IF EXISTS `sbus_line`;

CREATE TABLE `sbus_line` (
  `line_id` int NOT NULL AUTO_INCREMENT COMMENT '【校车线路表】线路id',
  `line_name` varchar(10) NOT NULL DEFAULT '' COMMENT '线路名，非唯一',
  `line_type` int NOT NULL DEFAULT '0' COMMENT '线路类型（单向：1、双向：2）',
  `up_origin_name` varchar(50) NOT NULL DEFAULT '' COMMENT '上行起点站名',
  `up_terminal_name` varchar(50) NOT NULL DEFAULT '' COMMENT '上行终点站名',
  `down_origin_name` varchar(50) NOT NULL DEFAULT '' COMMENT '下行起点站名',
  `down_terminal_name` varchar(50) NOT NULL DEFAULT '' COMMENT '下行终点站名',
  `up_lines_point` mediumtext NOT NULL COMMENT '线路的上行路线点集，由多组经纬度组成，每组以“|”分隔，经纬度以“-”分隔',
  `down_lines_point` mediumtext NOT NULL COMMENT '线路的下行路线点集，由多组经纬度组成，每组以“|”分隔，经纬度以“-”分隔',
  `up_total_distance` int NOT NULL DEFAULT '0' COMMENT '上行总距离（米）',
  `down_total_distance` int NOT NULL DEFAULT '0' COMMENT '下行总距离（米）',
  PRIMARY KEY (`line_id`),
  KEY `line_name` (`line_name`),
  KEY `up_origin_name` (`up_origin_name`)
) ENGINE=InnoDB AUTO_INCREMENT=24 DEFAULT CHARSET=utf8;

/*Data for the table `sbus_line` */

insert  into `sbus_line`(`line_id`,`line_name`,`line_type`,`up_origin_name`,`up_terminal_name`,`down_origin_name`,`down_terminal_name`,`up_lines_point`,`down_lines_point`,`up_total_distance`,`down_total_distance`) values 
(3,'puupu',1,'北蔡','张江','北蔡','','1','',0,0);

/*Table structure for table `sbus_notice` */

DROP TABLE IF EXISTS `sbus_notice`;

CREATE TABLE `sbus_notice` (
  `release_time` int unsigned NOT NULL DEFAULT '0' COMMENT '【通知公告表】发布时间（时间戳）',
  `admin_id` int NOT NULL DEFAULT '0' COMMENT '发布管理员',
  `notice_content` varchar(1000) NOT NULL DEFAULT '' COMMENT '公告内容',
  PRIMARY KEY (`release_time`,`admin_id`),
  KEY `admin_id` (`admin_id`)
) ENGINE=InnoDB DEFAULT CHARSET=utf8;

/*Data for the table `sbus_notice` */

insert  into `sbus_notice`(`release_time`,`admin_id`,`notice_content`) values 
(1574129955,1,'多撒点撒dsada'),
(1575950937,1,'DSADAAAAAAAAAAAAAAAAAAAAAAAAAAAAAAAAAAAAAAAAASSSSSSSSSSSSSSSSSSSSSSSSSSS\r\n\r\n\r\nSSSSSSSSSSSSSSSSSSSSSSsdsd'),
(1577324030,1,'dfwa');

/*Table structure for table `sbus_opinion` */

DROP TABLE IF EXISTS `sbus_opinion`;

CREATE TABLE `sbus_opinion` (
  `submit_time` int unsigned NOT NULL DEFAULT '0' COMMENT '【可以废弃，暂时保留】【投诉建议表】提交时间',
  `passenger_id` int NOT NULL DEFAULT '0' COMMENT '乘客id',
  `opinion_content` varchar(1000) NOT NULL DEFAULT '' COMMENT '投诉建议内容',
  PRIMARY KEY (`submit_time`,`passenger_id`),
  KEY `passenger_id` (`passenger_id`)
) ENGINE=InnoDB DEFAULT CHARSET=utf8;

/*Data for the table `sbus_opinion` */

insert  into `sbus_opinion`(`submit_time`,`passenger_id`,`opinion_content`) values 
(11,3,'这是建议内容'),
(11,4,'这是建议内容1'),
(11,5,'这是建议内容2'),
(11,7,'哈哈'),
(11,8,''),
(22,1,'22'),
(1212,2,'2121'),
(1583750179,8,''),
(1583806492,8,'aaa'),
(1583806503,8,'测试'),
(1583813287,8,'这是建议');

/*Table structure for table `sbus_order` */

DROP TABLE IF EXISTS `sbus_order`;

CREATE TABLE `sbus_order` (
  `order_id` bigint NOT NULL DEFAULT '0' COMMENT '【订单表】订单id',
  `order_sn` char(32) NOT NULL DEFAULT '' COMMENT '支付单号',
  `price` decimal(5,2) NOT NULL DEFAULT '0.00' COMMENT '售价',
  `passenger_type` int NOT NULL DEFAULT '0' COMMENT '乘客类型（教工：1、学生：2）',
  `auth_type` int NOT NULL DEFAULT '0' COMMENT '认证类型（统一身份认证：1、临时员工）',
  `passenger_id` int NOT NULL DEFAULT '0' COMMENT '乘客id',
  `shifts_date` date NOT NULL DEFAULT '0000-00-00' COMMENT '排班日期',
  `shifts_number` varchar(10) NOT NULL DEFAULT '' COMMENT '班次',
  `create_time` int unsigned NOT NULL DEFAULT '0' COMMENT '订单创建时间（时间戳）',
  `order_state` int NOT NULL DEFAULT '0' COMMENT '订单状态（已支付：1、已退款：2、已使用：3、超时未支付：4、申请退款：5）',
  `refund_sn` char(32) NOT NULL DEFAULT '' COMMENT '退款单号',
  `refund_time` int unsigned NOT NULL DEFAULT '0' COMMENT '退款时间（时间戳，0表示未退款）',
  `use_time` int unsigned NOT NULL DEFAULT '0' COMMENT '使用时间（时间戳，0表示未使用）',
  PRIMARY KEY (`order_id`),
  KEY `shifts_date` (`shifts_date`,`shifts_number`),
  KEY `passenger_type` (`passenger_type`),
  KEY `order_sn` (`order_sn`),
  KEY `refund_sn` (`refund_sn`),
  KEY `order_state` (`order_state`)
) ENGINE=InnoDB DEFAULT CHARSET=utf8;

/*Data for the table `sbus_order` */

insert  into `sbus_order`(`order_id`,`order_sn`,`price`,`passenger_type`,`auth_type`,`passenger_id`,`shifts_date`,`shifts_number`,`create_time`,`order_state`,`refund_sn`,`refund_time`,`use_time`) values 
(1615168648937647,'',1.00,2,1,1,'2021-03-08','121',1615168648,4,'',0,0),
(1615169280912417,'',1.00,2,1,1,'2021-03-08','121',1615169280,4,'',0,0),
(1615169546575682,'',1.00,2,1,1,'2021-03-08','121',1615169546,4,'',0,0),
(1615170278400165,'',1.00,2,1,1,'2021-03-08','121',1615170278,4,'',0,0),
(1615170513443232,'',1.00,2,1,1,'2021-03-08','121',1615170513,4,'',0,0),
(1615181018314942,'',1.00,2,1,1,'2021-03-08','121',1615181018,4,'',0,0),
(1615873153129598,'',1.00,2,1,1,'2021-03-16','121',1615873153,0,'',0,0),
(1615873210755416,'',1.00,2,1,1,'2021-03-16','121',1615873210,0,'',0,0),
(1615873382108800,'',1.00,2,1,1,'2021-03-16','121',1615873382,0,'',0,0);

/*Table structure for table `sbus_retrieve` */

DROP TABLE IF EXISTS `sbus_retrieve`;

CREATE TABLE `sbus_retrieve` (
  `release_time` int unsigned NOT NULL DEFAULT '0' COMMENT '【失物招领表】发布时间（时间戳）',
  `admin_id` int NOT NULL DEFAULT '0' COMMENT '发布管理员',
  `retrieve_content` varchar(1000) NOT NULL DEFAULT '' COMMENT '失物招领内容',
  PRIMARY KEY (`release_time`,`admin_id`),
  KEY `admin_id` (`admin_id`)
) ENGINE=InnoDB DEFAULT CHARSET=utf8;

/*Data for the table `sbus_retrieve` */

insert  into `sbus_retrieve`(`release_time`,`admin_id`,`retrieve_content`) values 
(1574129955,1,'2323'),
(1574148880,1,'131234134521'),
(1574148883,1,'213213213'),
(1574149205,1,'是的撒的撒回答规定'),
(1574149222,1,'sad撒多撒大'),
(1575881038,1,'uiwgeiau\r\nwgeiauwgeiuwauiwgeiauwgeiauwgeiuwauiwgeiauwgeiauwgeiuwauiwgeiauwgeiauwgeiuwauiwgeiauwgeiauwgeiuwauiwgeiauwgeiauwgeiuwauiwgeiauwgeiauwgeiuwauiwgeiauwgeiauwgeiuwauiwgeiauwgeiauwgeiuwauiwgeiauwgeiauwgeiuwauiwgeiauwgeiauwgeiuwauiwgeiauwgeiauwgeiuwauiwgeiauwgeiauwgeiuwauiwgeiauwgeiauwgeiuwauiwgeiauwgeiauwgeiuwauiwgeiauwgeiauwgeiuwauiwgeiauwgeiauwgeiuwauiwgeiauwgeiauwgeiuwauiwgeiauwgeiauwgeiuwauiwgeiauwgeiauwgeiuwauiwgeiauwgeiauwgeiuwauiwgeiauwgeiauwgeiuwauiwgeiauwgeiauwgeiuwauiwgeiauwgeiauwgeiuwauiwgeiauwgeiauwgeiuwa\r\nsasasa'),
(1575881067,1,'dd\r\nyy'),
(1575949230,1,'asas');

/*Table structure for table `sbus_shifts_plan` */

DROP TABLE IF EXISTS `sbus_shifts_plan`;

CREATE TABLE `sbus_shifts_plan` (
  `shifts_date` date NOT NULL DEFAULT '0000-00-00' COMMENT '【排班计划表】排班日期',
  `shifts_number` varchar(10) NOT NULL DEFAULT 'varchar' COMMENT '班次',
  `line_id` int NOT NULL DEFAULT '0' COMMENT '线路id',
  `depart_time` time NOT NULL DEFAULT '00:00:00' COMMENT '发车时间（格式为“时:分:秒”）',
  `arrive_time` time NOT NULL DEFAULT '00:00:00' COMMENT '预计到达时间（格式为“时:分:秒”）',
  `vehicle_id` int NOT NULL DEFAULT '0' COMMENT '车辆id',
  `driver_id` int NOT NULL DEFAULT '0' COMMENT '司机id',
  PRIMARY KEY (`shifts_date`,`shifts_number`),
  UNIQUE KEY `shifts_date` (`shifts_date`,`line_id`,`depart_time`),
  KEY `vehicle_id` (`vehicle_id`),
  KEY `driver_id` (`driver_id`),
  KEY `line_id` (`line_id`)
) ENGINE=InnoDB DEFAULT CHARSET=utf8;

/*Data for the table `sbus_shifts_plan` */

insert  into `sbus_shifts_plan`(`shifts_date`,`shifts_number`,`line_id`,`depart_time`,`arrive_time`,`vehicle_id`,`driver_id`) values 
('2019-12-04','3',14,'03:00:00','04:04:00',0,13),
('2019-12-18','1',14,'05:00:00','00:00:00',0,5),
('2019-12-18','3',17,'03:00:00','04:00:00',9,7),
('2019-12-18','a1',18,'00:00:00','02:00:00',8,0),
('2019-12-18','sa',18,'02:00:00','00:00:03',3,7),
('2019-12-19','1',14,'05:00:00','00:00:00',9,5),
('2019-12-19','3',14,'00:00:00','00:00:00',0,0),
('2019-12-22','1',14,'05:00:00','00:00:00',0,5),
('2019-12-22','3',14,'00:00:00','00:00:00',0,0),
('2019-12-22','a1',18,'00:00:00','02:00:00',8,0),
('2019-12-23','3',14,'00:00:00','00:00:00',0,0),
('2019-12-23','a1',18,'00:00:00','02:00:00',8,0),
('2019-12-25','1',14,'05:00:00','00:00:00',9,5),
('2019-12-25','a1',18,'00:00:00','02:00:00',8,0),
('2019-12-26','1',14,'05:00:00','00:00:00',0,5),
('2019-12-26','3',14,'00:00:00','00:00:00',0,0),
('2019-12-26','a1',18,'00:00:00','02:00:00',8,0),
('2019-12-27','1',14,'05:00:00','00:00:00',0,5),
('2019-12-27','3',14,'00:00:00','00:00:00',0,0),
('2019-12-27','a1',18,'00:00:00','02:00:00',8,0),
('2019-12-27','as',14,'00:03:00','00:05:00',0,0),
('2019-12-28','1',14,'05:00:00','00:00:00',0,5),
('2019-12-28','3',14,'00:00:00','00:00:00',0,0),
('2019-12-28','a1',18,'00:00:00','02:00:00',8,0),
('2019-12-29','1',14,'05:00:00','00:00:00',0,5),
('2019-12-29','3',14,'00:00:00','00:00:00',0,0),
('2019-12-29','a1',18,'00:00:00','02:00:00',8,0),
('2019-12-30','3',14,'00:00:00','00:00:00',9,5),
('2019-12-30','a',14,'01:03:00','04:04:00',8,13),
('2019-12-30','a1',18,'00:00:00','02:00:00',8,7),
('2019-12-30','AAA',17,'00:00:00','00:00:00',3,11),
('2019-12-30','ad',14,'01:00:00','00:01:00',8,11),
('2019-12-30','adas',14,'00:03:00','00:02:00',3,13),
('2019-12-31','1',14,'05:00:00','00:00:00',0,5),
('2019-12-31','a1',18,'00:00:00','02:00:00',8,0),
('2020-01-01','1',14,'05:00:00','00:00:00',0,5),
('2020-01-01','3',14,'00:00:00','00:00:00',0,0),
('2020-01-01','a1',18,'00:00:00','02:00:00',8,0),
('2020-01-02','1',14,'05:00:00','00:00:00',0,5),
('2020-01-02','a1',14,'00:00:00','00:00:00',0,0),
('2020-01-04','sadas',17,'00:01:00','00:03:00',1,13),
('2020-01-08','a1',14,'00:00:00','00:00:00',0,0),
('2020-01-10','3',14,'00:00:00','00:00:00',0,0),
('2020-01-11','1',14,'05:00:00','00:00:00',0,5),
('2020-01-11','3',14,'00:00:00','00:00:00',0,0),
('2020-01-11','a1',18,'00:00:00','02:00:00',8,0),
('2020-01-19','3',14,'00:00:00','00:00:00',0,0),
('2020-01-23','1',14,'05:00:00','00:00:00',0,5),
('2020-01-23','3',14,'00:00:00','00:00:00',0,0),
('2020-01-23','a1',18,'00:00:00','02:00:00',8,0),
('2020-02-06','3',14,'00:00:00','00:00:00',0,0),
('2020-03-21','s',17,'00:00:00','00:00:00',9,11),
('2020-03-23','121',14,'14:10:00','15:00:00',8,9),
('2020-03-23','sadas',17,'00:01:00','00:03:00',1,13),
('2020-03-25','121',14,'14:10:00','15:00:00',8,9);

/*Table structure for table `sbus_shifts_real` */

DROP TABLE IF EXISTS `sbus_shifts_real`;

CREATE TABLE `sbus_shifts_real` (
  `shifts_date` date NOT NULL DEFAULT '0000-00-00' COMMENT '【排班计划表】排班日期',
  `shifts_number` varchar(10) NOT NULL DEFAULT '' COMMENT '班次',
  `line_id` int NOT NULL DEFAULT '0' COMMENT '线路id',
  `depart_time` time NOT NULL DEFAULT '00:00:00' COMMENT '发车时间（格式为“时:分:秒”）',
  `arrive_time` time NOT NULL DEFAULT '00:00:00' COMMENT '预计到达时间（格式为“时:分:秒”）',
  `vehicle_id` int NOT NULL DEFAULT '0' COMMENT '车辆id',
  `driver_id` int NOT NULL DEFAULT '0' COMMENT '司机id',
  `student_num` int NOT NULL DEFAULT '0' COMMENT '购票学生数',
  `teacher_num` int NOT NULL DEFAULT '0' COMMENT '购票教师数',
  `total_fare` decimal(10,2) NOT NULL DEFAULT '0.00' COMMENT '总票款',
  `in_origin_time` int NOT NULL DEFAULT '0' COMMENT '车辆提前进入起点站的时间（时间戳，0表示未进入）',
  `out_origin_time` int NOT NULL DEFAULT '0' COMMENT '车辆从起点站驶出的时间（时间戳，0表示未驶出）',
  PRIMARY KEY (`shifts_date`,`shifts_number`),
  UNIQUE KEY `shifts_date` (`shifts_date`,`line_id`,`depart_time`),
  KEY `vehicle_id` (`vehicle_id`),
  KEY `driver_id` (`driver_id`),
  KEY `line_id` (`line_id`)
) ENGINE=InnoDB DEFAULT CHARSET=utf8;

/*Data for the table `sbus_shifts_real` */

insert  into `sbus_shifts_real`(`shifts_date`,`shifts_number`,`line_id`,`depart_time`,`arrive_time`,`vehicle_id`,`driver_id`,`student_num`,`teacher_num`,`total_fare`,`in_origin_time`,`out_origin_time`) values 
('2019-12-18','3',17,'13:00:00','20:00:00',9,7,11,11,0.00,0,0),
('2019-12-23','3',14,'00:00:00','00:00:00',9,7,11,11,0.00,0,0),
('2019-12-23','a1',18,'00:00:00','02:00:00',8,5,11,11,0.00,0,0),
('2019-12-24','s',14,'04:00:00','05:00:00',3,5,0,0,0.00,0,0),
('2019-12-24','sda',16,'03:00:00','00:04:00',3,13,12,12,0.00,0,0),
('2019-12-25','1',14,'05:00:00','00:00:00',10,9,12,12,1.00,0,0),
('2019-12-25','3',14,'00:00:00','00:01:00',2,7,2,0,2.00,0,0),
('2019-12-25','a1',18,'01:00:00','02:00:00',8,11,0,0,0.30,0,0),
('2019-12-27','as',14,'00:03:00','00:05:00',9,5,0,0,0.00,0,0),
('2019-12-30','a1',18,'00:01:00','02:04:00',8,7,0,0,0.00,0,0),
('2019-12-30','AAA',17,'20:00:00','21:00:00',3,11,0,0,0.00,0,0),
('2019-12-30','sads',6,'03:00:00','00:05:00',8,11,0,0,0.00,0,0),
('2019-12-31','1',14,'05:00:00','00:00:00',2,5,0,0,0.00,0,0),
('2019-12-31','a1',18,'00:00:00','02:00:00',8,11,0,0,0.00,0,0),
('2020-01-02','1',14,'05:00:00','00:00:00',2,5,0,0,0.00,0,0),
('2020-01-02','a1',14,'00:00:00','00:00:00',8,5,0,0,0.00,0,0),
('2020-01-08','a1',14,'00:00:00','00:00:00',10,7,0,0,0.00,0,0),
('2020-01-13','a',17,'15:00:00','20:01:00',9,9,0,0,0.00,0,0),
('2020-01-13','ab',17,'11:01:00','15:03:00',9,5,0,0,0.00,0,0),
('2020-03-21','s',17,'10:00:00','11:00:00',9,11,13,-12,0.00,0,0),
('2020-03-23','121',14,'18:20:00','20:00:00',8,9,-11,-13,0.00,0,0),
('2021-03-16','121',3,'18:58:00','21:00:00',8,9,0,0,0.00,0,0);

/*Table structure for table `sbus_shifts_tmpl` */

DROP TABLE IF EXISTS `sbus_shifts_tmpl`;

CREATE TABLE `sbus_shifts_tmpl` (
  `shifts_number` varchar(10) NOT NULL DEFAULT '' COMMENT '【排班模板表】班次',
  `shifts_group` varchar(10) NOT NULL DEFAULT '' COMMENT '排班分组',
  `line_id` int NOT NULL DEFAULT '0' COMMENT '线路id',
  `depart_time` time NOT NULL DEFAULT '00:00:00' COMMENT '发车时间（格式为“时:分:秒”）',
  `arrive_time` time NOT NULL DEFAULT '00:00:00' COMMENT '预计到达时间（格式为“时:分:秒”）',
  `vehicle_id` int NOT NULL DEFAULT '0' COMMENT '车辆id',
  `driver_id` int NOT NULL DEFAULT '0' COMMENT '司机id',
  `remark` varchar(50) NOT NULL DEFAULT '' COMMENT '备注',
  PRIMARY KEY (`shifts_number`),
  UNIQUE KEY `line_id` (`line_id`,`depart_time`),
  KEY `group` (`shifts_group`)
) ENGINE=InnoDB DEFAULT CHARSET=utf8;

/*Data for the table `sbus_shifts_tmpl` */

insert  into `sbus_shifts_tmpl`(`shifts_number`,`shifts_group`,`line_id`,`depart_time`,`arrive_time`,`vehicle_id`,`driver_id`,`remark`) values 
('121','aa',14,'14:10:00','15:00:00',8,9,''),
('s','ad',17,'00:00:00','00:00:00',9,5,''),
('sadas','sadsa',17,'00:01:00','00:03:00',1,13,'');

/*Table structure for table `sbus_station` */

DROP TABLE IF EXISTS `sbus_station`;

CREATE TABLE `sbus_station` (
  `station_id` int NOT NULL AUTO_INCREMENT COMMENT '【校车车站表】车站id',
  `line_id` int NOT NULL DEFAULT '0' COMMENT '所属线路id',
  `station_dir` int NOT NULL DEFAULT '0' COMMENT '车站方向（上行或单向：1、下行：2）',
  `station_order` int NOT NULL DEFAULT '0' COMMENT '车站顺序号，从1开始递增，不能断',
  `station_name` varchar(50) NOT NULL DEFAULT '' COMMENT '车站名',
  `radius` int NOT NULL DEFAULT '0' COMMENT '车站半径（米），用于计算车站范围，车辆进入范围内即到站',
  `longitude` double NOT NULL DEFAULT '0' COMMENT '车站经度',
  `latitude` double NOT NULL DEFAULT '0' COMMENT '车站纬度',
  `board_number` char(8) NOT NULL DEFAULT '' COMMENT '站牌编号',
  `front_distance` decimal(10,2) NOT NULL DEFAULT '0.00' COMMENT '与前一站的距离（米）',
  `station_distance` decimal(10,2) NOT NULL DEFAULT '0.00' COMMENT '站点离开起点站的距离（米）',
  PRIMARY KEY (`station_id`),
  KEY `line_id` (`line_id`),
  KEY `station_name` (`station_name`),
  KEY `board_number` (`board_number`)
) ENGINE=InnoDB AUTO_INCREMENT=200 DEFAULT CHARSET=utf8;

/*Data for the table `sbus_station` */

insert  into `sbus_station`(`station_id`,`line_id`,`station_dir`,`station_order`,`station_name`,`radius`,`longitude`,`latitude`,`board_number`,`front_distance`,`station_distance`) values 
(69,6,1,0,'1',50,0,0,'',0.00,0.00),
(70,6,1,1,'2',50,0,0,'',0.00,0.00),
(71,6,1,2,'3',50,0,0,'',0.00,0.00),
(72,4,1,0,'1',50,0,0,'',0.00,0.00),
(73,4,1,1,'1',50,0,0,'',0.00,0.00),
(77,3,1,1,'1',50,0,0,'',0.00,0.00),
(78,3,1,2,'2',50,0,0,'',0.00,0.00),
(130,18,1,1,'12',50,0,0,'',0.00,0.00),
(132,18,1,2,'3',50,0,0,'',0.00,0.00),
(156,19,1,3,'1',50,0,0,'',0.00,0.00),
(157,19,1,5,'1',50,0,0,'',0.00,0.00),
(158,19,1,4,'3',50,0,0,'',0.00,0.00),
(159,19,2,1,'2',1,0,0,'',0.00,0.00),
(178,17,2,1,'11',50,0,0,'',0.00,0.00),
(179,17,2,3,'2',50,0,0,'',0.00,0.00),
(180,17,1,1,'3',50,0,0,'',0.00,0.00),
(181,17,2,2,'1',50,0,0,'',0.00,0.00),
(182,17,2,4,'2',50,0,0,'',0.00,0.00),
(183,19,2,2,'1',50,0,0,'',0.00,0.00),
(184,19,1,1,'2',50,0,0,'',0.00,0.00),
(185,19,1,2,'3',50,0,0,'',0.00,0.00),
(188,22,1,1,'啊啊',0,0,0,'',0.00,0.00),
(193,17,2,6,'5',50,0,0,'',0.00,0.00),
(194,17,2,5,'55',50,0,0,'',0.00,0.00),
(195,17,2,8,'66',50,0,0,'',0.00,0.00),
(196,17,2,7,'77',50,0,0,'',0.00,0.00),
(197,17,2,9,'9',50,0,0,'',0.00,0.00),
(198,17,1,2,'2',50,0,0,'12345677',0.00,0.00),
(199,13,1,1,'111',50,0,0,'12345678',0.00,0.00);

/*Table structure for table `sbus_temp` */

DROP TABLE IF EXISTS `sbus_temp`;

CREATE TABLE `sbus_temp` (
  `temp_identity` varchar(20) NOT NULL DEFAULT '' COMMENT '【临时乘客表】临时乘客身份证号',
  `password` char(40) NOT NULL DEFAULT '' COMMENT '临时乘客密码',
  `encrypt` char(4) NOT NULL DEFAULT '' COMMENT '密码附加随机码',
  `temp_type` int NOT NULL DEFAULT '0' COMMENT '临时乘客类型（教工：1、学生：2）',
  `temp_name` varchar(10) NOT NULL DEFAULT '' COMMENT '临时乘客姓名',
  `temp_sex` int NOT NULL DEFAULT '0' COMMENT '临时乘客性别（男：1、女：2）',
  `temp_phone` varchar(15) NOT NULL DEFAULT '' COMMENT '临时乘客座机号',
  `temp_mobile` varchar(15) NOT NULL DEFAULT '' COMMENT '临时乘客手机号',
  `temp_email` varchar(50) NOT NULL DEFAULT '' COMMENT '临时乘客邮箱',
  `temp_campus` varchar(10) NOT NULL DEFAULT '' COMMENT '临时乘客所属校区',
  `temp_dept` varchar(10) NOT NULL DEFAULT '' COMMENT '临时乘客工作部门',
  `temp_post` varchar(10) NOT NULL DEFAULT '' COMMENT '临时乘客工作岗位',
  `temp_number` varchar(20) NOT NULL DEFAULT '' COMMENT '临时乘客工号',
  `temp_boss_name` varchar(10) NOT NULL DEFAULT '' COMMENT '直属领导姓名',
  `temp_boss_phone` varchar(15) NOT NULL DEFAULT '' COMMENT '直属领导电话',
  `create_time` int unsigned NOT NULL DEFAULT '0' COMMENT '创建时间（时间戳）',
  `is_audit` int NOT NULL DEFAULT '0' COMMENT '是否审核（未审核：0、已审核通过：1）',
  `expiry_time` int unsigned NOT NULL DEFAULT '0' COMMENT '到期时间（时间戳）',
  PRIMARY KEY (`temp_identity`),
  KEY `temp_name` (`temp_name`),
  KEY `temp_number` (`temp_number`),
  KEY `create_time` (`create_time`)
) ENGINE=InnoDB DEFAULT CHARSET=utf8;

/*Data for the table `sbus_temp` */

/*Table structure for table `sbus_vehicle` */

DROP TABLE IF EXISTS `sbus_vehicle`;

CREATE TABLE `sbus_vehicle` (
  `vehicle_id` int NOT NULL AUTO_INCREMENT COMMENT '【校车车辆表】车辆id',
  `line_id` int NOT NULL DEFAULT '0' COMMENT '所属线路id',
  `vehicle_number` varchar(15) NOT NULL DEFAULT '' COMMENT '车辆编号，全表唯一',
  `license_plate` varchar(15) NOT NULL DEFAULT '' COMMENT '车辆车牌，作为普通信息不强制唯一',
  `seat_num` int NOT NULL DEFAULT '0' COMMENT '车辆座位数',
  `device1_number` char(8) DEFAULT NULL COMMENT '绑定定位仪设备编号（T2），全表唯一',
  `device2_number` varchar(10) DEFAULT NULL COMMENT '绑定售票仪设备编号，全表唯一',
  `log_time` int unsigned NOT NULL DEFAULT '0' COMMENT '车辆位置数据收到的时间（时间戳）',
  `longitude` double NOT NULL DEFAULT '0' COMMENT '车辆位置经度',
  `latitude` double NOT NULL DEFAULT '0' COMMENT '车辆位置纬度',
  `direction` int NOT NULL DEFAULT '0' COMMENT '车辆行驶方向（单向或上行：1、下行：2）',
  `is_in_origin` int NOT NULL DEFAULT '0' COMMENT '车辆是否在起点站（在：1、其他不在）',
  `is_in_line` int NOT NULL DEFAULT '0' COMMENT '车辆是否在线路上（在：1、其他不在）',
  `vehicle_distance` decimal(10,2) NOT NULL DEFAULT '0.00' COMMENT '车辆离开起点站的距离（米）',
  PRIMARY KEY (`vehicle_id`),
  UNIQUE KEY `vehicle_number` (`vehicle_number`),
  UNIQUE KEY `device1_number` (`device1_number`),
  UNIQUE KEY `device2_number` (`device2_number`),
  KEY `line_id` (`line_id`)
) ENGINE=InnoDB AUTO_INCREMENT=11 DEFAULT CHARSET=utf8;

/*Data for the table `sbus_vehicle` */

insert  into `sbus_vehicle`(`vehicle_id`,`line_id`,`vehicle_number`,`license_plate`,`seat_num`,`device1_number`,`device2_number`,`log_time`,`longitude`,`latitude`,`direction`,`is_in_origin`,`is_in_line`,`vehicle_distance`) values 
(1,19,'喂喂喂','',20,NULL,NULL,0,0,0,0,0,0,0.00),
(2,19,'啊啊啊','',10,NULL,NULL,0,0,0,0,0,0,0.00),
(3,19,'哦哦哦','131',43,NULL,NULL,0,0,0,0,0,0,0.00),
(8,3,'33','2',53,'4','2',1573548174,0,0,0,0,0,0.00),
(9,17,'12','12',66,'','21',1585123631,116.397128,39.92074,0,0,0,0.00),
(10,14,'232','232',454,'22122321','121212',0,0,0,0,0,0,0.00);

/*Table structure for table `sbus_vehicle_position` */

DROP TABLE IF EXISTS `sbus_vehicle_position`;

CREATE TABLE `sbus_vehicle_position` (
  `log_time` int unsigned NOT NULL DEFAULT '0' COMMENT '【车辆位置记录表】记录时间（时间戳）',
  `vehicle_id` int NOT NULL DEFAULT '0' COMMENT '【车辆位置记录表】车辆id',
  `longitude` double NOT NULL DEFAULT '0' COMMENT '车辆位置经度',
  `latitude` double NOT NULL DEFAULT '0' COMMENT '车辆位置纬度',
  PRIMARY KEY (`log_time`,`vehicle_id`),
  KEY `vehicle_id` (`vehicle_id`)
) ENGINE=InnoDB DEFAULT CHARSET=utf8;

/*Data for the table `sbus_vehicle_position` */

insert  into `sbus_vehicle_position`(`log_time`,`vehicle_id`,`longitude`,`latitude`) values 
(0,9,116.397128,39.92074),
(1574062095,1,1,1),
(1574062096,0,0,0),
(1574062097,0,0,0),
(1574062098,8,108.7124,34.3328),
(1574062099,10,0,0),
(1574062100,12,0,0),
(1574062101,11,0,0),
(1574062102,11,0,0),
(1574062103,11,0,0),
(1585123631,9,116.397128,39.92074);

/*!40101 SET SQL_MODE=@OLD_SQL_MODE */;
/*!40014 SET UNIQUE_CHECKS=@OLD_UNIQUE_CHECKS */;
/*!40111 SET SQL_NOTES=@OLD_SQL_NOTES */;
